latitude,longitude,altitude,geometry,@id,amenity,created_by,disused,note,fee,wheelchair,changing_table,female,male,name,opening_hours,operator,layer,access,charge,payment:coins,toilets:disposal,toilets:wheelchair,unisex,opening_hours:covid19,wheelchair:description,level,toilets:access,fixme,addr:city,addr:housename,addr:postcode,payment:apple_pay,payment:cash,payment:google_pay,payment:paywave,wheelchair:description:en,addr:street,description,source:description,source:male,supervised,source,capacity,verified,designation,check_date:wheelchair,mapillary,survey:date,toilets:scheme,indoor,disabled,addr:housenumber,toilets:handwashing,fee:note,fee:amount,drinking_water,toilets:position,location,changing_table:location,gender,toilets,level:ref,toilets:num_chambers,toilets:paper_supplied,toilets:supervised,addr:unit,child,building,contact:phone,payment:credit_cards,covered,natural
51.4087329,-0.3323747,,Point,node/20849686,toilets,JOSM,,,,,,,,,,,,,,,,,,,,,,,,,,,,,,,,,,,,,,,,,,,,,,,,,,,,,,,,,,,,,,,,,,
51.4059121,-0.3360281,,Point,node/20910215,toilets,,,,,,,,,,,,,,,,,,,,,,,,,,,,,,,,,,,,,,,,,,,,,,,,,,,,,,,,,,,,,,,,,,,
51.5233931,-0.1194082,,Point,node/25475748,toilets,,yes,currently closed,,,,,,,,,,,,,,,,,,,,,,,,,,,,,,,,,,,,,,,,,,,,,,,,,,,,,,,,,,,,,,,,
51.4947547,-0.1322335,,Point,node/25534499,toilets,,,,yes,yes,,,,,,,,,,,,,,,,,,,,,,,,,,,,,,,,,,,,,,,,,,,,,,,,,,,,,,,,,,,,,,
51.4515966,0.0508674,,Point,node/26049416,toilets,,,,,,,,,,,,,,,,,,,,,,,,,,,,,,,,,,,,,,,,,,,,,,,,,,,,,,,,,,,,,,,,,,,
51.5159737,-0.1885334,,Point,node/26819248,toilets,,,,no,,yes,yes,yes,Queensway,Mo-Su 07:30-00:30,City of Westminster,,,,,,,,,,,,,,,,,,,,,,,,,,,,,,,,,,,,,,,,,,,,,,,,,,,,,,,,
51.4749456,-0.3005302,,Point,node/30442251,toilets,Potlatch 0.6a,,,,yes,,,,,,,,,,,,,,,,,,,,,,,,,,,,,,,,,,,,,,,,,,,,,,,,,,,,,,,,,,,,,,
51.4728373,-0.2929619,,Point,node/30442336,toilets,,,,,yes,,,,,,,,,,,,,,,,,,,,,,,,,,,,,,,,,,,,,,,,,,,,,,,,,,,,,,,,,,,,,,
51.4815655,-0.2978537,,Point,node/30581735,toilets,Potlatch 0.6a,,,,yes,,,,,,,,,,,,,,,,,,,,,,,,,,,,,,,,,,,,,,,,,,,,,,,,,,,,,,,,,,,,,,
51.4524003,-0.1099907,,Point,node/33378270,toilets,Potlatch 0.4c,,,,,,,,,,,,,,,,,,,,,,,,,,,,,,,,,,,,,,,,,,,,,,,,,,,,,,,,,,,,,,,,,,
51.559457,-0.1518909,,Point,node/54070004,toilets,,,,,,,,,,,,,,,,,,,,,,,,,,,,,,,,,,,,,,,,,,,,,,,,,,,,,,,,,,,,,,,,,,,
51.47427,-0.092829,,Point,node/60460567,toilets,,,,,limited,,yes,yes,Camberwell Green,24/7,,,,,,,,,,,,,,,,,,,,,,,,,,,,,,,,,,,,,,,,,,,,,,,,,,,,,,,,,
51.4782814,-0.2906682,,Point,node/207145549,toilets,Potlatch 0.6a,,,,yes,,,,,,,,,,,,,,,,,,,,,,,,,,,,,,,,,,,,,,,,,,,,,,,,,,,,,,,,,,,,,,
51.5049358,-0.1596237,,Point,node/235424107,toilets,,,,no,,,,,,,,,,,,,,,,,,,,,,,,,,,,,,,,,,,,,,,,,,,,,,,,,,,,,,,,,,,,,,,
51.5128382,-0.1607747,,Point,node/239713872,toilets,,,,,,,,,,,,,,,,,,,,,,,,,,,,,,,,,,,,,,,,,,,,,,,,,,,,,,,,,,,,,,,,,,,
51.4904026,-0.3516626,,Point,node/243834668,toilets,,,,,,,,,,,,,,,,,,,,,,,,,,,,,,,,,,,,,,,,,,,,,,,,,,,,,,,,,,,,,,,,,,,
51.4814709,-0.0922411,,Point,node/247049800,toilets,JOSM,,,,,,,,,,,,,,,,,,,,,,,,,,,,,,,,,,,,,,,,,,,,,,,,,,,,,,,,,,,,,,,,,,
51.510153,-0.186958,,Point,node/247324371,toilets,,,,,,,,,,,,-1,,,,,,,,,,,,,,,,,,,,,,,,,,,,,,,,,,,,,,,,,,,,,,,,,,,,,,,
51.536241,-0.1024704,,Point,node/252934371,toilets,,,,yes,yes,no,,,,24/7,,,yes,£0.20,only,flush,yes,yes,,,,,,,,,,,,,,,,,,,,,,,,,,,,,,,,,,,,,,,,,,,,,,,,,
51.4698778,-0.3582539,,Point,node/253100929,toilets,JOSM,,,,,,,,,,,,,,,,,,,,,,,,,,,,,,,,,,,,,,,,,,,,,,,,,,,,,,,,,,,,,,,,,,
51.3661622,-0.1602824,,Point,node/253369110,toilets,JOSM,,,,,,,,,,,,,,,,,,,,,,,,,,,,,,,,,,,,,,,,,,,,,,,,,,,,,,,,,,,,,,,,,,
51.51433,-0.0562347,,Point,node/255396286,toilets,,,,,,,,,,,,,,,,,,,,,,,,,,,,,,,,,,,,,,,,,,,,,,,,,,,,,,,,,,,,,,,,,,,
51.5141839,-0.201334,,Point,node/255684945,toilets,,,,,,,,,,,,,,,,,,,,,,,,,,,,,,,,,,,,,,,,,,,,,,,,,,,,,,,,,,,,,,,,,,,
51.4058285,0.1775002,,Point,node/256113440,toilets,,,,,yes,,,,,,,1,,,,,,,,,,,,,,,,,,,,,,,,,,,,,,,,,,,,,,,,,,,,,,,,,,,,,,,
51.3636259,0.1969253,,Point,node/256489992,toilets,,,,,,,,,,,,,,,,,,,,,,,,,,,,,,,,,,,,,,,,,,,,,,,,,,,,,,,,,,,,,,,,,,,
51.5176064,-0.1186281,,Point,node/257422992,toilets,,,,,,,,,,,,,,,,,,,,,,,,,,,,,,,,,,,,,,,,,,,,,,,,,,,,,,,,,,,,,,,,,,,
51.561309,-0.0862947,,Point,node/262443427,toilets,,,,no,yes,,,,,,,,,,,,,,12:00-21:00,,,,,,,,,,,,,,,,,,,,,,,,,,,,,,,,,,,,,,,,,,,,,,,,
51.4944406,0.0643276,,Point,node/262903620,toilets,,,,,,,,,,07:00-18:00,Greenwich Council,,,,,,,,,,,,,,,,,,,,,,,,,,,,,,,,,,,,,,,,,,,,,,,,,,,,,,,,
51.4968424,-0.2147469,,Point,node/266819600,toilets,,,Automated toilets,no,,,,,,,,,,,,,,,,,,,,,,,,,,,,,,,,,,,,,,,,,,,,,,,,,,,,,,,,,,,,,,,
51.6319909,-0.1755956,,Point,node/267188423,toilets,Potlatch 0.9b,,,,,,,,,,,,,,,,,,,,,,,,,,,,,,,,,,,,,,,,,,,,,,,,,,,,,,,,,,,,,,,,,,
51.6876807,-0.2222177,,Point,node/269610169,toilets,,,,,yes,,,,,,,,,,,,yes,,,,,,,,,,,,,,,,,,,,,,,,,,,,,,,,,,,,,,,,,,,,,,,,,,
51.4950164,-0.0549786,,Point,node/269890771,toilets,,,,,,,,,,,,,,,,,,,,,,,,,,,,,,,,,,,,,,,,,,,,,,,,,,,,,,,,,,,,,,,,,,,
51.5433675,-0.3235723,,Point,node/270748491,toilets,,,,,,,,,,,,,,,,,,,,,,,,,,,,,,,,,,,,,,,,,,,,,,,,,,,,,,,,,,,,,,,,,,,
51.4488678,-0.1067566,,Point,node/273460550,toilets,,,,,,,no,yes,,,,,,,,,,,,,,,,,,,,,,,,,,,,,,,,,,,,,,,,,,,,,,,,,,,,,,,,,,,
51.4682771,-0.066871,,Point,node/280885803,toilets,Potlatch 0.10,,,,,,,,,,,,,,,,,,,,,,,,,,,,,,,,,,,,,,,,,,,,,,,,,,,,,,,,,,,,,,,,,,
51.3061546,0.2305557,,Point,node/281355327,toilets,,,,,,,,,,,,,,,,,,,,,,,,,,,,,,,,,,,,,,,,,,,,,,,,,,,,,,,,,,,,,,,,,,,
51.4486164,-0.106439,,Point,node/281580306,toilets,,,,,,,yes,no,,,,,,,,,,,,,,,,,,,,,,,,,,,,,,,,,,,,,,,,,,,,,,,,,,,,,,,,,,,
51.5256686,-0.153889,,Point,node/281851493,toilets,Potlatch 0.10b,,,,yes,,,,,,,,,,,,,,,,,,,,,,,,,,,,,,,,,,,,,,,,,,,,,,,,,,,,,,,,,,,,,,
51.5133597,-0.1131758,,Point,node/282569729,toilets,,,,,no,,,,,,,,yes,,,,no,yes,,downstairs,,,,,,,,,,,,,,,,,,,,,,,,,,,,,,,,,,,,,,,,,,,,,,,
51.5279178,0.0049809,,Point,node/283162497,toilets,,,,,,,,,,,,,,,,,,,,,,,,,,,,,,,,,,,,,,,,,,,,,,,,,,,,,,,,,,,,,,,,,,,
51.4451323,-0.1515175,,Point,node/286480244,toilets,Potlatch 0.10b,,,,,,,,,,,,,,,,,,,,,,,,,,,,,,,,,,,,,,,,,,,,,,,,,,,,,,,,,,,,,,,,,,
51.4960194,-0.2637003,,Point,node/288562205,toilets,,,,,,,,,,,,,,,,,,,,,,,,,,,,,,,,,,,,,,,,,,,,,,,,,,,,,,,,,,,,,,,,,,,
51.502968,-0.2803045,,Point,node/288980690,toilets,,,"Pay, Men only",yes,limited,,no,yes,,,,,,,,,,,,,,,,,,,,,,,,,,,,,,,,,,,,,,,,,,,,,,,,,,,,,,,,,,,
51.4808913,-0.0078373,,Point,node/290985718,toilets,,,underground,,no,,yes,yes,King William Walk,,,,,,,,,,,,,,,,,,,,,,,,,,,,,,,,,,,,,,,,,,,,,,,,,,,,,,,,,,
51.4219664,-0.1195403,,Point,node/291647639,toilets,,,,,yes,,,,,,,,,,,,,,,,,,,,,,,,,,,,,,,,,,,,,,,,,,,,,,,,,,,,,,,,,,,,,,
51.6131726,-0.1583019,,Point,node/297701210,toilets,Potlatch 0.10b,,,,,,,,,,,,,,,,,,,,,,,,,,,,,,,,,,,,,,,,,,,,,,,,,,,,,,,,,,,,,,,,,,
51.421835,-0.3668122,,Point,node/298007677,toilets,,,,,yes,,,,Accesible,,,,,,,,,,,,,,,,,,,,,,,,,,,,,,,,,,,,,,,,,,,,,,,,,,,,,,,,,,
51.392321,-0.304565,,Point,node/298288065,toilets,,,,no,no,no,,yes,Surbiton Station,,,,yes,,,,,,,,0,,,,,,,,,,,,,,,,,,,,,,,,,,,,,,,,,,,,,,,,,,,,,,
51.3125749,-0.2480047,,Point,node/317651332,toilets,,,,,,,,,Epsom downs,,,,,,,,Yes,,,,,Yes,,,,,,,,,,,,,,,,,,,,,,,,,,,,,,,,,,,,,,,,,,,,,
51.5680823,-0.1850038,,Point,node/321223692,toilets,,,,no,,,,,,,,,yes,,,,,,,,,,,,,,,,,,,,,,,,,,,,,,,,,,,,,,,,,,,,,,,,,,,,,,
51.4834352,-0.2647904,,Point,node/321311369,toilets,,,,,,,,,,Permanently Closed,,,,,,,,,,,,,,,,,,,,,,,,,,,,,,,,,,,,,,,,,,,,,,,,,,,,,,,,,
51.5300139,-0.2930826,,Point,node/323990551,toilets,,,,,,,,,,,TFL,,,,,,,,,,,,,,,,,,,,,,,,,,,,,,,,,,,,,,,,,,,,,,,,,,,,,,,,
51.5908323,-0.4330959,,Point,node/329105463,toilets,,,,,,,,,,,,,,,,,,,,,,,,,,,,,,,,,,,,,,,,,,,,,,,,,,,,,,,,,,,,,,,,,,,
51.5715869,-0.166981,,Point,node/331289045,toilets,,,,,,,,,,,,,,,,,,,,,,,,,,,,,,,,,,,,,,,,,,,,,,,,,,,,,,,,,,,,,,,,,,,
51.5720875,-0.1941982,,Point,node/331922282,toilets,,,confirmed open 201703,no,,,yes,no,,,,,public,,,,,,,,,,,,,,,,,,,,,,,,,,,,,,,,,,,,,,,,,,,,,,,,,,,,,,
51.4050572,-0.3379018,,Point,node/332492772,toilets,,,,,,,,,,,,,,,,,,,,,,,,,,,,,,,,,,,,,,,,,,,,,,,,,,,,,,,,,,,,,,,,,,,
51.5692691,-0.1436025,,Point,node/332925681,toilets,,,,,,,,,,,,,,,,,,,,,,,,,,,,,,,,,,,,,,,,,,,,,,,,,,,,,,,,,,,,,,,,,,,
51.6526229,-0.0863586,,Point,node/333300005,toilets,,,,,,,,,,,,,,,,,,,,,,,,,,,,,,,,,,,,,,,,,,,,,,,,,,,,,,,,,,,,,,,,,,,
51.5550196,-0.1101717,,Point,node/336369392,toilets,,,,,,,,,,,,,,,,,,,,,,,verify -- not shown as toilet on park map http://queenelizabetholympicpark.co.uk/the-park/plan-your-visit/interactive-park-map,,,,,,,,,,,,,,,,,,,,,,,,,,,,,,,,,,,,,,,,,,,,
51.5180079,-0.1100686,,Point,node/338472531,toilets,,,,,,,,,,,,,,,,,,,,,,,,,,,,,,,,,,,,,,,,,,,,,,,,,,,,,,,,,,,,,,,,,,,
51.5082227,-0.1285642,,Point,node/339925126,toilets,,,,yes,yes,,,,Trafalgar Square Toilets,Mo-Su 10:00-20:00,,,,,,,,,,,,,,,,,,,,,,,,,,,,,,,,,,,,,,,,,,,,,,,,,,,,,,,,,
51.503634,-0.1133529,,Point,node/344521109,toilets,,,,no,yes,yes,yes,no,Waterloo Station,24/7,,,,,,,yes,,,,1,,,London,London Waterloo Station,SE1 8SW,,,,,,,,,,,,,,,,,,,,,,,,,,,,,,,,,,,,,,,,,
51.3644212,-0.191795,,Point,node/345397964,toilets,Potlatch 0.10f,,,,,,,,,,,,,,,,,,,,,,,,,,,,,,,,,,,,,,,,,,,,,,,,,,,,,,,,,,,,,,,,,,
51.5046837,-0.1300195,,Point,node/346352276,toilets,,,,,,,,,,,,,,,,,,,,,,,,,,,yes,yes,yes,yes,,,,,,,,,,,,,,,,,,,,,,,,,,,,,,,,,,,,,
51.510804,-0.1299655,,Point,node/348814978,toilets,,,,,no,,no,yes,,,,-1,,,,,,,,,,,,,,,,,,,,,,,,,,,,,,,,,,,,,,,,,,,,,,,,,,,,,,,
51.5109208,-0.085803,,Point,node/350409063,toilets,,,Accessed via steps in traffic island,yes,no,,yes,yes,Toilets - CLOSED,,,,no,,,,no,,,,-1,,,,,,,,,,,,,,,,,,,,,,,,,,,,,,,,,,,,,,,,,,,,,,
51.4377078,-0.231874,,Point,node/353890734,toilets,,,,,,,,,,,,,,,,,,,,,,,,,,,,,,,,,,,,,,,,,,,,,,,,,,,,,,,,,,,,,,,,,,,
51.6191395,-0.1622275,,Point,node/366238452,toilets,,,,,,,,,,,,,,,,,,,,,,,,,,,,,,,,,,,,,,,,,,,,,,,,,,,,,,,,,,,,,,,,,,,
51.3860721,-0.2902561,,Point,node/369007992,toilets,Potlatch 0.10f,,,,,,,,,,,,,,,,,,,,,,,,,,,,,,,,,,,,,,,,,,,,,,,,,,,,,,,,,,,,,,,,,,
51.4452359,-0.0786093,,Point,node/370261548,toilets,,,,no,,,,,,,,,,,,,,,,,,,,,,,,,,,,,,,,,,,,,,,,,,,,,,,,,,,,,,,,,,,,,,,
51.515633,-0.132367,,Point,node/380494795,toilets,,,,,,,,yes,,Mo-Su 18:00-05:00,,,,,,,,,,,,,,,,,,,,,,,,,,,,,,,,,,,,,,,,,,,,,,,,,,,,,,,,,
51.4529298,-0.2211708,,Point,node/386703361,toilets,,,,yes,yes,,yes,yes,,,,,,,,,,,,,,,,,,,,,,,,,,,,,,,,,,,,,,,,,,,,,,,,,,,,,,,,,,,
51.5279147,-0.1525933,,Point,node/389681906,toilets,,,,yes,yes,,yes,yes,,,The Royal Parks,,,,,,,,,,,,,,,,,,,,,,,,,,,,,,,,,,,,,,,,,,,,,,,,,,,,,,,,
51.5325517,-0.1580494,,Point,node/389688170,toilets,,,,,,,,,,,,,,,,,,,,,,,,,,,,,,,,,,,,,,,,,,,,,,,,,,,,,,,,,,,,,,,,,,,
51.4391848,0.2171305,,Point,node/390986667,toilets,,,,no,,,,,,,,,,,,,,,,,,,,,,,,,,,,,,,,,,,,,,,,,,,,,,,,,,,,,,,,,,,,,,,
51.6252845,-0.282868,,Point,node/414239364,toilets,,,,,,,,,,,,,,,,,,,,,,,,,,,,,,,,,,,,,,,,,,,,,,,,,,,,,,,,,,,,,,,,,,,
51.4031467,-0.3695658,,Point,node/432011116,toilets,,,,,,,,,,,,,,,,,,,,,,,,,,,,,,,,,,,,,,,,,,,,,,,,,,,,,,,,,,,,,,,,,,,
51.5140187,-0.1260526,,Point,node/438170659,toilets,,,,,,,,,,,,,,,,,,,,,,,,,,,,,,,,,,,,,,,,,,,,,,,,,,,,,,,,,,,,,,,,,,,
51.532468,-0.0328813,,Point,node/443418088,toilets,,,,yes,,,,,,,,,,,,,,,,,,,,,,,,,,,,,,,,,,,,,,,,,,,,,,,,,,,,,,,,,,,,,,,
51.4455574,0.2154418,,Point,node/448525850,toilets,,,,,,,,,,,,,,,,,,,,,,,,,,,,,,,,,,,,,,,,,,,,,,,,,,,,,,,,,,,,,,,,,,,
51.443267,0.2196098,,Point,node/448568660,toilets,,,,,,,,,,,,,,,,,,,,,,,,,,,,,,,,,,,,,,,,,,,,,,,,,,,,,,,,,,,,,,,,,,,
51.5945064,0.2357036,,Point,node/459678291,toilets,,,,0.10 GBP,,,,,,,,,,,,,,,,,,,,,,,,,,,,,,,,,,,,,,,,,,,,,,,,,,,,,,,,,,,,,,,
51.3531776,0.0895002,,Point,node/461686710,toilets,,,,,,,,,,,,,,,,,,,,,,,,,,,,,,,,,,,,,,,,,,,,,,,,,,,,,,,,,,,,,,,,,,,
51.5295942,-0.0973219,,Point,node/462008328,toilets,,,,yes,yes,,,,,,,,,,,,,,,,,,,,,,,,,,,,,,,,,,,,,,,,,,,,,,,,,,,,,,,,,,,,,,
51.482147,-0.010168,,Point,node/477366640,toilets,,,,yes,yes,,yes,yes,Cutty Sark,24/7,,,,,,,,,,,,,,,,,,,,,,,,,,,,,,,,,,,,,,,,,,,,,,,,,,,,,,,,,
51.4375837,0.0718831,,Point,node/477530711,toilets,,,,,yes,,,,,,,,,,,,yes,,,,,,,,,,,,,,,,,,,,,,,,,,,,,,,,,,,,,,,,,,,,,,,,,,
51.5463345,-0.0758927,,Point,node/479029658,toilets,,,,yes,limited,,,,Toilet,,,,public,,,,,,,"Radar key operated, room to fit a wheelchair but transfers would be difficult.  These toilets are frequently out of order.",,,,,,,,,,,,,,,,,,,,,,,,,,,,,,,,,,,,,,,,,,,,,,,
51.4894888,0.0451704,,Point,node/482704445,toilets,,,,no,yes,,,,,,,,,,,,,,,,,,,,,,,,,,,,,,,,,,,,,,,,,,,,,,,,,,,,,,,,,,,,,,
51.4522755,0.1795366,,Point,node/491410750,toilets,,,,,,,,,,,,,,,,,,,,,,,,,,,,,,,,,,,,,,,,,,,,,,,,,,,,,,,,,,,,,,,,,,,
51.5212956,-0.1811493,,Point,node/497379966,toilets,,,,,,,,,,Mo-Su sunrise-sunset,,,,,,,,,,,,,,,,,,,,,,,,,,,,,,,,,,,,,,,,,,,,,,,,,,,,,,,,,
51.5136431,-0.135737,,Point,node/499350869,toilets,,,,,yes,,,,,,,,,,,,,,,,,,,,,,,,,,"The wheelchair accessible toilet is located at street level, the non-disabled toilets are located down steps and are not wheelchair accessible",,,,,,,,,,,,,,,,,,,,,,,,,,,,,,,,,,,,
51.5243719,-0.2014118,,Point,node/511645366,toilets,,,,,,,,,,,,,,,,,,,,,,,,,,,,,,,,,,,,,,,,,,,,,,,,,,,,,,,,,,,,,,,,,,,
51.5747984,-0.3702692,,Point,node/541172777,toilets,,,,,,,,,,,Harrow Council,,,,,,,,,,,,,,,,,,,,,,,,,,,,,,,,,,,,,,,,,,,,,,,,,,,,,,,,
51.3171136,-0.4536992,,Point,node/552801789,toilets,,,,,no,,,,Ockham Bites,,,,,,,,no,,,Padlocked SHUT when cafe is closed. Therefore rated RED until I am able to check internally. RADAR Key.,,,,,,,,,,,,Old Lane,,,,,,,,,,,,,,,,,,,,,,,,,,,,,,,,,,,
51.5176778,-0.0816015,,Point,node/553308759,toilets,,,,yes,,,yes,yes,,,,,,,,,,,,,,,,,,,,,,,,,,,,,,,,,,,,,,,,,,,,,,,,,,,,,,,,,,,
51.3999246,-0.0202054,,Point,node/563313189,toilets,,,,,,,,,,,,,,,,,,,,,,,,,,,,,,,,,,,,,,,,,,,,,,,,,,,,,,,,,,,,,,,,,,,
51.4800331,-0.1781289,,Point,node/564744078,toilets,,,,,,,,,,,,,,,,,,,,,,,,,,,,,,,,,,,,,,,,,,,,,,,,,,,,,,,,,,,,,,,,,,,
51.5117346,-0.1216725,,Point,node/566313868,toilets,,,,,yes,,,,,,,,,,,,,,,,,,,,,,,,,,,,,,,,,,,,,,,,,,,,,,,,,,,,,,,,,,,,,,
51.5824191,-0.1499555,,Point,node/581143053,toilets,,,,,,,,,,,,,,,,,,,,,,,,,,,,,,,,,,,,,,,,,,,,,,,,,,,,,,,,,,,,,,,,,,,
51.5075636,-0.121849,,Point,node/588175347,toilets,,,,yes,yes,,,,Embankment Toilets,,,,,,,,,,,,,,,,,,,,,,,,,,,,,,,,,,,,,,,,,,,,,,,,,,,,,,,,,,
51.5089214,-0.1259481,,Point,node/596763309,toilets,,,,,,,,yes,,,,,,,,,,,,,,,,,,,,,,,,,"""Pissoir"" Numbers 1s only!",survey,survey,,,,,,,,,,,,,,,,,,,,,,,,,,,,,,,,
51.518342,-0.2068223,,Point,node/639141976,toilets,,,,yes,yes,,,,Pay toilet accessable,,,,,,,,,,,,,,,,,,,,,,,,,,,,,,,,,,,,,,,,,,,,,,,,,,,,,,,,,,
51.4174712,-0.0823788,,Point,node/646762510,toilets,,,,,,,yes,yes,,,,,,,,,,,,,,,,,,,,,,,,,,,,no,,,,,,,,,,,,,,,,,,,,,,,,,,,,,,,
51.5473225,-0.0724518,,Point,node/654083991,toilets,,,,,,,,,,,,,,,,,,,,,,,,,,,,,,,,,,,,,,,,,,,,,,,,,,,,,,,,,,,,,,,,,,,
51.472008,-0.217745,,Point,node/662427640,toilets,,,,,yes,,yes,yes,,,,,,,,,,,,,,,,,,,,,,,,,,,,,,,,,,,,,,,,,,,,,,,,,,,,,,,,,,,
51.5139342,-0.0750045,,Point,node/666920937,toilets,,,An automated Sanisette superloo,yes,,,,,,,,,,,,,,,,,,,,,,,,,,,,,,,,,,,,,,,,,,,,,,,,,,,,,,,,,,,,,,,
51.4843154,-0.2579051,,Point,node/679121842,toilets,,,,,,,,,Cafe Lavatories,,,,,,,,,,,,,,,,,,,,,,,,,,,,,,,,,,,,,,,,,,,,,,,,,,,,,,,,,,
51.5088161,-0.0788891,,Point,node/694510919,toilets,,,,yes,,,,,,,,,,,,,,,,,,,,,,,,,,,,,,,,,,,,,,,,,,,,,,,,,,,,,,,,,,,,,,,
51.4834214,-0.292875,,Point,node/703499479,toilets,,,,,yes,,,,Orangery Restaurant,,,,,,,,,,,Only 120cm turning circle,,,,,,,,,,,,,,,,,,,,,,,,,,,,,,,,,,,,,,,,,,,,,,,
51.4826251,-0.29556,,Point,node/703499480,toilets,,,,,yes,,,,,,,,,,,,,,,,,,,,,,,,,,,,,,,,,,,,,,,,,,,,,,,,,,,,,,,,,,,,,,
51.4839062,-0.2940831,,Point,node/703499481,toilets,,,,,yes,,,,,,,,,,,,,,,,,,,,,,,,,,,,,,,,,,,,,,,,,,,,,,,,,,,,,,,,,,,,,,
51.5126537,-0.1147889,,Point,node/704892236,toilets,,,,50p,yes,,,,,,,,yes,,,,,yes,,,,,,,,,,,,,,,,,,,,,,,,,,,,,,,,,,,,,,,,,,,,,,,,,
51.4629238,-0.1127436,,Point,node/705074466,toilets,,,,no,,,,,Pope's Road Toilets,,,,,,,,,,,,,,,,,,,,,,,,,,,,survey,,,,,,,,,,,,,,,,,,,,,,,,,,,,,,
51.5316762,-0.123858,,Point,node/706106376,toilets,,,,yes,yes,,no,yes,,,,,,,,,,,,,,,,,,,,,,,,,,,,,http://www.networkrail.co.uk/kingscross,,,,,,,,,,,,,,,,,,,,,,,,,,,,,,
51.5697632,-0.4378046,,Point,node/727674428,toilets,,,,no,no,,,,,6:30-00:00,TfL,,,,,,,,,,,,,,,,,,,,,,,,,,,,,,,,,,,,,,,,,,,,,,,,,,,,,,,,
51.4819167,-0.156019,,Point,node/736819740,toilets,,,,no,yes,,,,,,,,,,,,,,,,,,,,,,,,,,,,,,,,,,,,,,,,,,,,,,,,,,,,,,,,,,,,,,
51.5099801,-0.0855446,,Point,node/739681434,toilets,,,,,,,,,,,,,,,,,,,,,,,,,,,,,,,,,,,,,,,,,,,,,,,,,,,,,,,,,,,,,,,,,,,
51.514314,-0.0993426,,Point,node/747813217,toilets,,,,yes,yes,,,,,,,,,,,,,,,,,,,,,,,,,,,,,,,,,,,,,,,,,,,,,,,,,,,,,,,,,,,,,,
51.5103781,-0.1177473,,Point,node/751735279,toilets,,,,,,,,,,,,,,,,,,,,,,,,,,,,,,,,,,,,,,,,,,,,,,,,,,,,,,,,,,,,,,,,,,,
51.5665686,-0.1891727,,Point,node/804289634,toilets,,,,no,yes,,,,,,,,,,,,,,,,,,,,,,,,,,,,,,,,,,,,,,,,,,,,,,,,,,,,,,,,,,,,,,
51.5659718,-0.1572349,,Point,node/804358498,toilets,,,,,,,,,,,,,,,,,,,,,,,,,,,,,,,,,,,,,,,,,,,,,,,,,,,,,,,,,,,,,,,,,,,
51.5015868,0.0337012,,Point,node/819828632,toilets,,,,,yes,,,,,,,,yes,,,,,,,,,,,,,,,,,,,,,,,,,,,,,,,,,,,,,,,,,,,,,,,,,,,,,,
51.3834692,-0.4163749,,Point,node/827452607,toilets,,,,yes,,,,,,,,,,,,,,,,,,,,,,,,,,,,,,,,,,1,,,,,,,,,,,,,,,,,,,,,,,,,,,,,
51.315647,-0.473509,,Point,node/831707446,toilets,,,,,,,,,,,,,,,,,,,,,,,,,,,,,,,,,,,,,,,,,,,,,,,,,,,,,,,,,,,,,,,,,,,
51.4890892,-0.1340486,,Point,node/845373758,toilets,,,,,no,no,,yes,,,,,,,,,,,,,,,,,,,,,,,,,,,,,,,,,,,,,,,,,,,,,,,,,,,,,,,,,,,
51.5223193,-0.1556584,,Point,node/852122499,toilets,,,Gentlemen Only,,,,no,yes,,,City of Westminster,,,,,,,,,,,,,,,,,,,,,,,,,,,,,,,,,,,,,,,,,,,,,,,,,,,,,,,,
51.5098044,-0.1311357,,Point,node/866383916,toilets,,,,,,,,,,,,,,,,,,,,,,,,,,,,,,,,,,,,,,,,,,,,,,,,,,,,,,,,,,,,,,,,,,,
51.6565065,-0.1496653,,Point,node/871153883,toilets,,,,,,,,,,,,,,,,,,,,,,,,,,,,,,,,,,,,,,,,,,,,,,,,,,,,,,,,,,,,,,,,,,,
51.6518911,-0.0841681,,Point,node/885335037,toilets,,,,,yes,,,,,,,-1,,,,,yes,,,,,,,,,,,,,,,,,,,,,,,,,,,,,,,,,,,,,,,,,,,,,,,,,,
51.491618,-0.4152736,,Point,node/885392904,toilets,,,,no,yes,,,,,,,,,,,,,,,,,,,,,,,,,,,,,,,,,,,,,,,,,,,,,,,,,,,,,,,,,,,,,,
51.5695711,0.1295894,,Point,node/888429921,toilets,,,,,,,yes,,,,,,,,,,,,,,,,,,,,,,,,,,,,,,,,,,,,,,,,,,,,,,,,,,,,,,,,,,,,
51.6862959,-0.0017354,,Point,node/890044180,toilets,,,,,,,,,,,,,,,,,,,,,,,,,,,,,,,,,,,,,,,,,,,,,,,,,,,,,,,,,,,,,,,,,,,
51.5332918,-0.2187364,,Point,node/908396274,toilets,,,,,,,,,,,,,,,,,,,,,,,,,,,,,,,,,,,,,,,,,,,,,,,,,,,,,,,,,,,,,,,,,,,
51.504837,-0.086416,,Point,node/918721618,toilets,,,,,,,,,,,,,,,,,,,,,,,,,,,,,,,,,,,,,,,,,,,,,,,,,,,,,,,,,,,,,,,,,,,
51.5014656,-0.2032943,,Point,node/919741103,toilets,,,,,yes,,,,,,,,,,,,,,,,,,,,,,,,,,,,,,,,,,,,,,,,,,,,,,,,,,,,,,,,,,,,,,
51.4523967,-0.3590027,,Point,node/929322934,toilets,,,These toilets sometimes have racist graffiti inside.,,,,,,Whitton Library toilets,,Community Toilet Scheme,,,,,flush,,,,,,,,,,,,,,,,,,,,,,,,,,,,,,,,,,,,,,,,,,,,,,,,,,,
51.5596208,-0.2508192,,Point,node/935555307,toilets,,,Fee: 10p,yes,,,,,,,,,,,,,,,,,,,,,,,,,,,,,,,,,,,,,,,,,,,,,,,,,,,,,,,,,,,,,,,
51.6252142,0.0463921,,Point,node/946889304,toilets,,,,,,,,,,,,,,,,,,,,,,,,,,,,,,,,,,,,,,,,,,,,,,,,,,,,,,,,,,,,,,,,,,,
51.50449,-0.078593,,Point,node/1088333795,toilets,,,,yes,yes,,yes,yes,,24/7,More London,,,,,,,,,,,,,,,,,,,,,,,,,,,,,,,,,,,,,,,,,,,,,,,,,,,,,,,,
51.4861517,-0.1236927,,Point,node/1090774423,toilets,,,,yes,yes,no,,,Vauxhall bus station,Mo-Sa 06:00-20:00; Su 10:00-17:30,,,,,,,,,,,,,,,,,,,,,,,,,,,,,,,,,,,,,,,,,,,,,,,,,,,,,,,,,
51.5015335,-0.3066155,,Point,node/1098162013,toilets,,,,,,,,,,,,,,,,,,,,,,,,,,,,,,,,,,,,,,,,,,,,,,,,,,,,,,,,,,,,,,,,,,,
51.5048572,-0.0826425,,Point,node/1102236526,toilets,,,,no,yes,,yes,yes,,,More London,,,,,,,,,,,,,,,,,,,,,,,,,,,,,,,,,,,,,,,,,,,,,,,,,,,,,,,,
51.5072871,-0.1434289,,Point,node/1115390365,toilets,,,,,,,,,,,,,,,,,,,,,,,,,,,,,,,,,,,,,,,,,,,,,,,,,,,,,,,,,,,,,,,,,,,
51.5148429,-0.3014662,,Point,node/1117274887,toilets,,,,,,,,,,,,,,,,,,,,,,,,,,,,,,,,,,,,,visit,,,,,,,,,,,,,,,,,,,,,,,,,,,,,,
51.5334251,-0.2044299,,Point,node/1133624650,toilets,,,,,,,,,,,,,,,,,,,,,,,,,,,,,,,,,,,,,,,,,,,,,,,,,,,,,,,,,,,,,,,,,,,
51.4728297,-0.1056616,,Point,node/1174213694,toilets,,,,,,,,,,,,,,,,,,,,,,,,,,,,,,,,,,,,,,,,,,,,,,,,,,,,,,,,,,,,,,,,,,,
51.4374437,-0.1161799,,Point,node/1186119761,toilets,,,,no,yes,,,,,,,,,,,,,,,,,,,,,,,,,,,,,,,,,,,,,,,,,,,,,,,,,,,,,,,,,,,,,,
51.5791364,-0.3370847,,Point,node/1226107944,toilets,,,,no,no,,yes,no,Harrow-on-the-Hill Tube Station,,Transport for London,,,,,,,,,,,,,,,,,,,,,,,,,,,,,,,,,,,,,,,,,,,,,,,,,,,,,,,,
51.5791737,-0.3372261,,Point,node/1226108166,toilets,,,,no,no,,no,yes,Harrow-on-the-Hill Tube Station,,Transport for London,,,,,,,,,,,,,,,,,,,,,,,,,,,,,,,,,,,,,,,,,,,,,,,,,,,,,,,,
51.5702388,-0.1251331,,Point,node/1255801499,toilets,,,,,,,,,,,,,,,,,,,,,,,,,,,,,,,,,,,,,,,yes,,,,,,,,,,,,,,,,,,,,,,,,,,,,
51.4571036,0.1461723,,Point,node/1279780460,toilets,,,,,,,,,,,,,,,,,,,,,,,,,,,,,,,,,,,,,,,,,,,,,,,,,,,,,,,,,,,,,,,,,,,
51.4182689,-0.1716654,,Point,node/1295894918,toilets,,,,,,,,,,,,,,,,,,,,,,,,,,,,,,,,,,,,,,,,,,,,,,,,,,,,,,,,,,,,,,,,,,,
51.6329096,0.0096065,,Point,node/1296405857,toilets,,,,,,,,,,,,,customers,,,,,,,,,,,,,,,,,,,,Platform 2,,,,visit,,,,,,,,,,,,,,,,,,,,,,,,,,,,,,
51.6260746,0.046936,,Point,node/1296600076,toilets,,,,,,,,,,,,,,,,,,,,,,,,,,,,,,,,,,,,,,,,,,,,,,,,,,,,,,,,,,,,,,,,,,,
51.5119769,-0.2244673,,Point,node/1296610762,toilets,,,,,,,,,,,,,,,,,,,,,,,,,,,,,,,,,,,,,visit,,,Free within station,,,,,,,,,,,,,,,,,,,,,,,,,,,
51.5672558,-0.1993132,,Point,node/1304102792,toilets,,,,,,,,,,,,,,,,,,,,,,,,,,,,,,,,,,,,,,,,,,,,,,,,,,,,,,,,,,,,,,,,,,,
51.5046549,-0.1699682,,Point,node/1306552273,toilets,,,,no,yes,,,,,,,,,,,,,,,,,,,,,,,,,,,,,,,,,,,,2020-12-31,,,,,,,,,,,,,,,,,,,,,,,,,,
51.5403919,-0.3758228,,Point,node/1313266175,toilets,,,,,,,,,,,,,,,,,,,,,,,,,,,,,,,,,,,,,,,,,,,,,,,,,,,,,,,,,,,,,,,,,,,
51.4672491,-0.4229254,,Point,node/1313267412,toilets,,,,,,,,,,,,,,,,,,,,,,,,,,,,,,,,,,,,,,,,Pay toilet,,,,,,,,,,,,,,,,,,,,,,,,,,,
51.5567871,-0.2814885,,Point,node/1313535473,toilets,,,,,,,,,,,,,,,,,,,,,,,,,,,,,,,,,,,,,,,,,,,,,,,,,,,,,,,,,,,,,,,,,,,
51.5108756,-0.1006053,,Point,node/1320893735,toilets,,,,yes,,,,,Paul's Walk,,,,,,,,,yes,,,,,,,,,,,,,,,,,,,,,,,,SA7PIR8JxfWJBUPT9pBeNQ,2017-06-08,,,,,,,,,,,,,,,,,,,,,,,,
51.5108717,-0.1051439,,Point,node/1320895538,toilets,,,,,,,yes,yes,Blackfriars Millennium Pier,,,,no,,,,,,,,,,,,,,,,,,,,,,,,,,,,,,,,,,,,,,,,,,,,,,,,,,,,,,
51.5419018,-0.0005097,,Point,node/1321888834,toilets,,,,yes,,,,,,"Mo-Sa 09:00-18:00; Su,PH 09:00-18:00",,,,,,,,,,,,,,,,,,,,,,,,,,,,,,,,,,,,,,,,,,,,,,,,,,,,,,,,,
51.4785757,-0.2905818,,Point,node/1333739507,toilets,,,,no,yes,,,,,,,,,,,,,,,,,,,,,,,,,,,,,,,,,,,,,,,,,,,,,,,,,,,,,,,,,,,,,,
51.6582724,-0.4144604,,Point,node/1349021287,toilets,,,,,,,,,,,,,,,,,,,,,,,,,,,,,,,,,,,,,,,,,,,,,,,,,,,,,,,,,,,,,,,,,,,
51.4319492,-0.2128965,,Point,node/1361990617,toilets,,,,,,,,,,,,,,,,,,,,,,,,,,,,,,,,,,,,,,,,,,,,,,,,,,,,,,,,,,,,,,,,,,,
51.4579086,0.1165331,,Point,node/1364665481,toilets,,,,,,,,,,,,,,,,,,,,,,,,,,,,,,,,,,,,,,,,amenity=toilets,,,,,,,,,,,,,,,,,,,,,,,,,,,
51.606186,-0.1860383,,Point,node/1372372846,toilets,,,,,,,,,,,,,,,,,,,,,,,,,,,,,,,,,,,,,,,,,,,,,,,,,,,,,,,,,,,,,,,,,,,
51.655727,-0.204005,,Point,node/1376858185,toilets,,,,,yes,,yes,yes,The Spires,Mo-Th 08:30-20:00; Fr 08:30-21:00; Sa 08:30-19:00; Su 10:00-16:00,,,,,,,,,,,,,,,,,,,,,,,,,,,,,,,,,,,,,,,,,,,,,,,,,,,,,,,,,
51.4616678,-0.2159205,,Point,node/1390249803,toilets,,,,,yes,,yes,yes,Putney Library,"Mo,We,Th 09:00-20:00; Fr 09:00-14:00; Sa 09:00-17:00; Su 13:00-17:00",,,yes,,,,,,,,,,,,,,,,,,,,,,,,,,,,,,,Community Toilet Scheme,,,,,,,,,,,,,,,,,,,,,,,
51.4833069,-0.2190457,,Point,node/1390254084,toilets,,,,yes,yes,,yes,yes,,,,,,,,,,,,,,,,,,,,,,,,,,,,,,,,,,,,,,,,,,,,,,,,,,,,,,,,,,,
51.5292728,-0.0468875,,Point,node/1408474635,toilets,,,,yes,no,,yes,yes,,,,,,,,,,,,,,,,,,,,,,,,,,,,,,,,,,,,,,,,,,,,,,,,,,,,,,,,,,,
51.4744846,-0.1026166,,Point,node/1412226827,toilets,,,,,,,,,,,,,,,,,,,,,,,,,,,,,,,,,,,,,,,,,,,,,,,,,,,,,,,,,,,,,,,,,,,
51.4812706,-0.1893213,,Point,node/1421212310,toilets,,,,,,,,,,,,,,,,,,,,,,,,,,,,,,,,,,,,,,,,,,,,,,,,,,,,,,,,,,,,,,,,,,,
51.5097118,-0.308198,,Point,node/1421816194,toilets,,,,,,,,,,,,,yes,,,,,,,,,,,,,,,,,,,,,,,,,,,,,,,,,,,,,,,,,,,,,,,,,,,,,,
51.549152,-0.1528146,,Point,node/1422401250,toilets,,,,yes,yes,,yes,yes,Queen's Crescent,,,,,,,,,,,,,,,,,,,,,,,,,,,,,,,,,,,,,,,,,,,,,,,,,,,,,,,,,,
51.4313338,-0.2762163,,Point,node/1425191724,toilets,,,,,,,,,,,,,,,,,,,,,,,,,,,,,,,,,,,,,,,,,,,,,,,,,,,,,,,,,,,,,,,,,,,
51.492889,-0.1498411,,Point,node/1428315650,toilets,,,,yes,,,,,,,,,,,,,,,,,,,,,,,,,,,,,,,,,,,,,,,,,,,,,,,,,,,,,,,,,,,,,,,
51.4932769,-0.1492424,,Point,node/1428315721,toilets,,,,yes,,yes,,,,,,,,,,,,,,,,,,,,,,,,,,,,,,,,,,,,,,,,,,,,,,,,,,,,,,,,,,,,,
51.4953797,-0.1450742,,Point,node/1428315779,toilets,,,,30p,yes,,,,,,,,,,,,yes,,,,,,,,,,,,,,,,,,,,,,,,,,,,,,,,,,,,,,,,,,,,,,,,,,
51.3117287,-0.4743278,,Point,node/1429005342,toilets,,,,,,,,,,,,,,,,,,,,,,,,,,,,,,,,,,,,,,,,,,,,,,,,,,,,,,,,,,,,,,,,,,,
51.5159366,-0.2048126,,Point,node/1436775907,toilets,,,,no,no,,,,,,,,yes,,,,,,,,,,,,,,,,,,,,,,,,,,,,,,,,,,,,,,,,,,,,,,,,,,,,,,
51.5431245,-0.0066793,,Point,node/1449001356,toilets,,,,,yes,,,,,,,,,,,,,,,,0,,,,,,,,,,,,,,,,,,,,,,,,,,,,,,,,,,,,,,,,,,,,,,
51.5432738,-0.0050475,,Point,node/1449156765,toilets,,,,,yes,,,,,,,0,,,,,,,,,0,,,,,,,,,,,,,,,,,,,,,,,,,,,,,,,,,,,,,,,,,,,,,,
51.5432853,-0.0050722,,Point,node/1453583158,toilets,,,,,,,,,,,,-1,,,,,,,,,-1,,,,,,,,,,,,,,,,,,,,,,,,,,,,,,,,,,,,,,,,,,,,,,
51.6429722,-0.1619115,,Point,node/1461884001,toilets,,,,yes,yes,,yes,yes,East Barnet War Memorial,,,,,,,,,,,,,,,,,,,,,,,,,,,,,,,,,,,,,,,,,,,,,,,,,,,,,,,,,,
51.5000231,0.0039612,,Point,node/1483282639,toilets,,,,,,,,,,,,,,,,,,,,,0,,,,,,,,,,,,,,,,,,,,,,,,,,,,,,,,,,,,,,,,,,,,,,
51.447785,-0.3234941,,Point,node/1484898071,toilets,,,Male only,no,no,,,,,,,,,,,,,,,,,,,,,,,,,,,,,,,,,,,,,,,,,,,,,,,,,,,,,,,,,,,,,,
51.488472,-0.3966654,,Point,node/1491602080,toilets,,,,,,,,,,,,,,,,,,,,,,,,,,,,,,,,,,,,,,,,,,,,,,,,,,,,,,,,,,,,,,,,,,,
51.4885278,-0.3877217,,Point,node/1491620412,toilets,,,,,,,,,,,,,,,,,,,,,,,,,,,,,,,,,,,,,,,,,,,,,,,,,,,,,,,,,,,,,,,,,,,
51.5141092,-0.1395125,,Point,node/1493328982,toilets,,,,,no,,,,,,,,,,,,,,,,-1,,,,,,,,,,,,,,,,,,,,,,,,,,,,,,,,,,,,,,,,,,,,,,
51.5796983,-0.1500857,,Point,node/1499089924,toilets,,,,,,,,,,,,,,,,,,,,,,,,,,,,,,,,,,,,,,,,,,,,,,,,,,,,,,,,,,,,,,,,,,,
51.3706427,-0.1949893,,Point,node/1510803670,toilets,,,,,,,,,,,,,,,,,,,,,,,,,,,,,,,,,,,,,,,,,,,,,,,,,,,,,,,,,,,,,,,,,,,
51.6595035,-0.4023811,,Point,node/1537875820,toilets,,,,,,,,,,,,,,,,,,,,,,,,,,,,,,,,,,,,,,,,,,,,,,,,,,,,,,,,,,,,,,,,,,,
51.402414,-0.1884687,,Point,node/1539891332,toilets,,,,,,,,,,,,,,,,,,,,,,,,,,,,,,,,,,,,,,,,,,,,,,,,,,,,,,,,,,,,,,,,,,,
51.479337,0.154007,,Point,node/1546034593,toilets,,,,,,,yes,yes,,,,,,,,,,,,,,,,,,,,,,,,,,,,,,,,,,,,,,,,,,,,,,,,,,,,,,,,,,,
51.5418329,0.001224,,Point,node/1579064293,toilets,,,,,,,,,,,,,,,,,,,,,,,,,,,,,,,,,,,,,,,,,,,,,,,,,,,,,,,,,,,,,,,,,,,
51.5225976,-0.1259842,,Point,node/1591382301,toilets,,,,yes,yes,,yes,yes,,,,,no,,,,,,,,,,"There is a sign that says ""temporarily closed"" - not sure how to tag that properly, or when it will reopen.",,,,,,,,,,,,,,,,,,,,,,,,,,,,,,,,,,,,,,,,,,,,
51.4154727,-0.3382115,,Point,node/1597710055,toilets,,,,,yes,,yes,yes,,,,,,,,,,,,,,,,,,,,,,,,,,,,,,,,,,,,,,,,,,,,,,,,,,,,,,,,,,,
51.5402321,-0.4392476,,Point,node/1646417228,toilets,,,,,,,,,,,,,,,,,,,,,,,,,,,,,,,,,,,,,,,,,,,,,,,,,,,,,,,,,,,,,,,,,,,
51.4288196,-0.0471327,,Point,node/1649317042,toilets,,,,,,,,,,,,,,,,,,,,,,,,,,,,,,,,,,,,,,,,,,,,,,,,,,,,,,,,,,,,,,,,,,,
51.3619112,-0.4573488,,Point,node/1652331349,toilets,,,,,,,,,,,,,,,,,,,,,,,,,,,,,,,,,,,,,,,,,,,,,,,,,,,,,,,,,,,,,,,,,,,
51.4739191,-0.0352604,,Point,node/1656334886,toilets,,,,,,,,,,,,,,,,,,,,,,,,,,,,,,,,,,,,,,,,,,,,,,,,,,,,,,,,,,,,,,,,,,,
51.4725371,-0.0373086,,Point,node/1658544859,toilets,,,,,,,,,,,,,,,,,,,,,,,,,,,,,,,,,,,,,,,,,,,,,,,,,,,,,,,,,,,,,,,,,,,
51.4724021,-0.0369479,,Point,node/1667373942,toilets,,,,,,,,,,,,,,,,,,,,,,,,,,,,,,,,,,,,,Personal knowledge,,,,,,,,,,,,,,,,,,,,,,,,,,,,,,
51.4740702,-0.0359078,,Point,node/1670423000,toilets,,,,,,,,,,,,,,,,,,,,,,,,,,,,,,,,,,,,,,,,,,,,,,,,,,,,,,,,,,,,,,,,,,,
51.5518122,-0.1922934,,Point,node/1671272868,toilets,,,,,yes,,,,,,,,,,,,,,,,,,,,,,,,,,,,,,,,,,,,,,,,,,,,,,,,,,,,,,,,,,,,,,
51.4751972,-0.0361917,,Point,node/1676805184,toilets,,,,,,,,,,,,,,,,,,,,,,,,,,,,,,,,,,,,,,,,,,,,,,,,,,,,,,,,,,,,,,,,,,,
51.4746457,-0.0376848,,Point,node/1684609581,toilets,,,,,,,,,,,,,,,,,,,,,,,,,,,,,,,,,,,,,Personal knowledge,,,Ground floor,,,,,,,,,,,,,,,,,,,,,,,,,,,
51.4750732,-0.0358235,,Point,node/1684643221,toilets,,,,,,,,,,,,,,,,,,,,,,,,,,,,,,,,,,,,,,,,,,,,,,,,,,,,,,,,,,,,,,,,,,,
51.4769573,-0.0419425,,Point,node/1684652387,toilets,,,,,,,,,,,,,,,,,,,,,,,,,,,,,,,,,,,,,,,,,,,,,,,,,,,,,,,,,,,,,,,,,,,
51.4764782,-0.0323798,,Point,node/1684656254,toilets,,,,,,,,,New Cross Rail Station,,,,,,,,,,,,,,,,,,,,,,,,,,,,,,,,,,,,,,,,,,,,,,,,,,,,,,,,,,
51.6469715,0.0820659,,Point,node/1685008635,toilets,,,,yes,,,,,,,,,,,,,,,,,,,,,,,,,,,,,,,,,,,,,,,,,,,,,,,,,,,,,,,,,,,,,,,
51.4741436,-0.0366136,,Point,node/1685968030,toilets,,,,,,,,,,,,,,,,,,,,,,,,,,,,,,,,,,,,,,,,,,,,,,,,,,,,,,,,,,,,,,,,,,,
51.4764159,-0.0376996,,Point,node/1686284781,toilets,,,,,,,,,,,,,private,,,,,,,,,,,,,,,,,,,,,,,,,,,,,,,,,,,,,,,,,,,,,,,,,,,,,,
51.4748456,-0.0357126,,Point,node/1686333587,toilets,,,,,,,,,,,,,,,,,,,,,,,,,,,,,,,,,,,,,,,,,,,,,,,,,,,,,,,,,,,,,,,,,,,
51.474385,-0.0380811,,Point,node/1686505988,toilets,,,,,,,,,,,,,,,,,,,,,,,,,,,,,,,,,,,,,,,,,,,,,,,,,,,,,,,,,,,,,,,,,,,
51.4741529,-0.0379738,,Point,node/1686505990,toilets,,,,,,,,,,,,,,,,,,,,,,,,,,,,,,,,,,,,,,,,,,,,,,,,,,,,,,,,,,,,,,,,,,,
51.65155,-0.149596,,Point,node/1687451490,toilets,,,,yes,,,yes,,Cockfosters Underground Station,Mo-Sa 06:00-24:00; Su 07:00-23:00,,,,,,,,,,,,,,,,,,,,,,,,,,,,,,,,,,,,,,,,,,,,,,,,,,,,,,,,,
51.6518094,-0.1497064,,Point,node/1687451492,toilets,,,,yes,,,,yes,Cockfosters Underground Station,Mo-Sa 06:00-24:00; Su 07:00-23:00,,,,,,,,,,,,,,,,,,,,,,,,,,,,,,,,,,,,,,,,,,,,,,,,,,,,,,,,,
51.6187973,-0.1343907,,Point,node/1689263091,toilets,,,,no,,,yes,yes,,,,,yes,,,,,,,,,,,,,,,,,,,,,,,,,,,,,,,,yes,,,,,,,,,,,,,,,,,,,,,,
51.4942394,-0.0125037,,Point,node/1708650816,toilets,,,,,,,,,,,Asda,,customers,,,,,,,,,,,,,,,,,,,,,,,,,,,,,,,,,,,,,,,,,,,,,,,,,,,,,,
51.5092752,-0.0906698,,Point,node/1723656498,toilets,,,,yes,,,,,,,,,permissive,0.20 GBP,only,,,,,,,,,,,,,,,,,,,,,,,,,,,,,,,,,,,,,,,,,,,,,,,,,,,,
51.5030083,0.0042055,,Point,node/1735303350,toilets,,,,,,,,,,,,,,,,,,,,,,,,,,,,,,,,,,,,,,,,,,,,,,,,,,,,,,,,,,,,,,,,,,,
51.4771152,-0.2353267,,Point,node/1752163497,toilets,,,,,,,,,,,,,,,,,,,,,,,,,,,,,,,,,,,,,,,,,,,,,,,,,,,,,,,,,,,,,,,,,,,
51.4763154,-0.2300731,,Point,node/1752190418,toilets,,,,,,,,,,,,,,,,,,,,,,,,,,,,,,,,,,,,,,,,,,,,,,,,,,,,,,,,,,,,,,,,,,,
51.4764062,-0.2348862,,Point,node/1752190426,toilets,,,,,,,,,,,,,,,,,,,,,,,,,,,,,,,,,,,,,,,,,,,,,,,,,,,,,,,,,,,,,,,,,,,
51.4770568,-0.2363064,,Point,node/1752190519,toilets,,,,,,,,,,,,,,,,,,,,,,,,,,,,,,,,,,,,,,,,,,,,,,,,,,,,,,,,,,,,,,,,,,,
51.5683676,-0.1426838,,Point,node/1752208308,toilets,,,,no,limited,,,,,,,,,,,,,,,,,,,,,,,,,,,,,,,,,,,,,,,,,,,,,,,,,,,,,,,,,,,,,,
51.4849526,-0.1626852,,Point,node/1756373274,toilets,,,,,,,,,,,,,,,,,,,,,,,,,,,,,,,,,,,,,,,,,,,,,,,,,,,,,,,,,,,,,,,,,,,
51.6172244,-0.1172182,,Point,node/1778378552,toilets,,,,,,,,,,,,,,,,,,,,,,,,,,,,,,,,,,,,,,,,,,,,,,,,,,,,,,,,,,,,,,,,,,,
51.5727448,0.0668362,,Point,node/1853127924,toilets,,,,no,yes,,,,,,,,,,,,,yes,,,,,,,,,,,,,,,,,,,survey,,,,,,,,,,,,,,,,,,,,,,,,,,,,,,
51.4650291,-0.1608241,,Point,node/1933715155,toilets,,,,no,,,,,,,,,,,,,,,,,,,,,,,,,,,,,,,,,,,,,,,,,,,,,,,,,,,,,,,,,,,,,,,
51.4638215,-0.1639582,,Point,node/1933715200,toilets,,,,no,,,,,,,,,,,,,,,,,,,,,,,,,,,,,,,,,,,,,,,,,,,,,,,,,,,,,,,,,,,,,,,
51.3346662,0.1773499,,Point,node/1938418514,toilets,,,,,,,,,,,,,,,,,,,,,,,,,,,,,,,,,,,,,,,,,,,,,,,,,,,,,,,,,,,,,,,,,,,
51.4584735,-0.169817,,Point,node/1939280040,toilets,,,,,,,,,,,,,,,,,,,,,,,,,,,,,,,,,,,,,,,,,,,,,,,,,,,,,,,,,,,,,,,,,,,
51.5466504,0.0258264,,Point,node/1961583238,toilets,,,,,,,,,,,,,,,,,,,,,,,,,,,,,,,,,,,,,,,,,,,,,,,,,,,,,,,,,,,,,,,,,,,
51.5935619,-0.0212103,,Point,node/1963290546,toilets,,,,,yes,,yes,yes,,,,,permissive,,,,,,,,,,,,,,,,,,,,,,,,leaflet,,,,,,,,,,,,,,,,,,,,,,,,,,,,,,
51.5941771,0.0237145,,Point,node/1964458523,toilets,,,,,,,,,,,,,key,,,,,,,,,,,,,,,,,,,,,,,,survey,,,,,,,,,yes,,,,,,,,,,,,,,,,,,,,,
51.5013275,-0.1238053,,Point,node/1968744125,toilets,,,,,,,,,,,,,,,,,,,,,,,,,,,,,,,,,,,,,survey,,,,,,,,,,,,,,,,,,,,,,,,,,,,,,
51.5080708,0.0629126,,Point,node/1973254569,toilets,,,,,,,,,,,,,,,,,,,,,,,,,,,,,,,,,,,,,,,,,,,,,,,,,,,,,,,,,,,,,,,,,,,
51.5073829,0.0646292,,Point,node/1973254582,toilets,,,,,,,,,,,,,,,,,,,,,,,,,,,,,,,,,,,,,,,,,,,,,,,,,,,,,,,,,,,,,,,,,,,
51.5073829,0.0632506,,Point,node/1973254583,toilets,,,,,,,,,,,,,,,,,,,,,,,,,,,,,,,,,,,,,,,,,,,,,,,,,,,,,,,,,,,,,,,,,,,
51.507403,0.0622152,,Point,node/1973254590,toilets,,,,,,,,,,,,,,,,,,,,,,,,,,,,,,,,,,,,,,,,,,,,,,,,,,,,,,,,,,,,,,,,,,,
51.3043021,-0.4053598,,Point,node/1981182928,toilets,,,,,yes,,,,,,,,,,,,yes,,,,,,,,,,,,,,,,,,,,,,,,,,,,,,,,,,,,,,,,,,,,,,,,,,
51.5014494,-0.2033628,,Point,node/1984550247,toilets,,,,,,,,,,,,,,,,,,,,,,,,,,,,,,,,,,,,,Bing,,,,,,,,,,,,,,,,,,,,,,,,,,,,,,
51.35407,-0.1041923,,Point,node/1988404054,toilets,,,,,,,,,,,,,,,,,,,,,,,,,,,,,,,,,,,,,,,,,,,,,,,,,,,,,,,,,,,,,,,,,,,
51.3928228,-0.2384403,,Point,node/1996286401,toilets,,,,,,,,,,,,,,,,,,,,,,,,,,,,,,,,,,,,,,,,,,,,,,,,,,,,,,,,,,,,,,,,,,,
51.3100523,-0.2998226,,Point,node/2038645136,toilets,,,,,yes,,yes,yes,Ashtead car park,,,,,,,,,,,,,,,,,,,,,,,,,,,,,,,,,,,,,,,,,,,,,,,,,,,,,,,,,,
51.571388,0.0138755,,Point,node/2048918706,toilets,,,,,,,,,,,,,,,,,,,,,,,,,,,,,,,,,,,,,,,,,,,,,,,,,,,,,,,,,,,,,,,,,,,
51.5388681,-0.1424803,,Point,node/2141849209,toilets,,,,no,no,,no,yes,,,,,,,,,,,,,,,,,,,,,,,,,,,,,,,,,,,,,,,,,,,,,,,,,,,,,,,,,,,
51.5388945,-0.1428576,,Point,node/2141849210,toilets,,,,no,no,,yes,no,,,,,,,,,,,,,,,,,,,,,,,,,,,,,,,,,,,,,,,,,,,,,,,,,,,,,,,,,,,
51.499353,-0.3142956,,Point,node/2148322519,toilets,,,,,,,,,,,,,,,,,,,,,,,,,,,,,,,,,,,,,,,,,,,,,,,,,,,,,,,,,,,,,,,,,,,
51.4926491,-0.2605408,,Point,node/2156754403,toilets,,,Automated Sanisette/Superloo toilet,,,,,,,,,,,,,,,,,,,,,,,,,,,,,,,,,,photograph,,,,,,,,,,,,,,,,,,,,,,,,,,,,,,
51.624776,-0.057604,,Point,node/2178454024,toilets,,,,yes,yes,,yes,yes,"Market Square, Edmonton Green",,,,,,,,,,,,,,,,,,,,,,,,,,,,,,,,,,,,,,,,,,,,,,,,,,,,,,,,,,
51.4176012,-0.0725725,,Point,node/2180092343,toilets,,,,no,yes,,yes,yes,Crystal Palace Station platform 1 toilets,,,,,,,,,,,,,,,,,,,,,,,,,,,no,,,,,,,,,,,,,,,,,,,,,,,,,,,,,,,
51.418,-0.07277,,Point,node/2180092344,toilets,,,,no,yes,,,,Crystal Palace station ticket hall toilets,,,,,,,,,yes,,,,,,,,,,,,,,,These toilets are marked as for “disabled and baby changing use only”. A RADAR key is required. Other toilets are available on Platform 1.,,,,,,,,,,,,,,,,,,,,,,,,,,,,,,,,,,
51.508856,-0.19837,,Point,node/2184647917,toilets,,,,yes,yes,,yes,yes,Notting Hill Gate,,,,,,,,,,,,,,,,,,,,,,,,,,,,,,,,,,,,,,,,,,,,,,,,,,,,,,,,,,
51.5966166,-0.1303136,,Point,node/2184649501,toilets,,,,,,,,,Alexandra Palace Toilets,,,,,,,,,,,,,,,,,,,,,,,,,,,,,,,,,,,,,,,,,,,,,,,,,,,,,,,,,,
51.4058373,-0.4087609,,Point,node/2187487513,toilets,,,,,,,,,,,,,,,,,,,,,,,,,,,,,,,,,,,,,,,,,,,,,,,,,,,,,,,,,,,,,,,,,,,
51.309033,-0.056075,,Point,node/2191770368,toilets,,,,,yes,,yes,yes,,,,,,,,,,,,,,,,,,,,,,,,,,,,,,,,,,,,,,,,,,,,,,,,,,,,,,,,,,,
51.6360265,-0.059171,,Point,node/2201329914,toilets,,,,,,,,,,,,,,,,,,,,,,,,,,,,,,,,,,,,,,,,,,,,,,,,,,,,,,,,,,,,,,,,,,,
51.4930573,-0.2283029,,Point,node/2239832207,toilets,,,,no,,yes,,,,,,,,,,,,,,,,,,,,,,,,,,,,,,,,,,,,,,,,,,,,,,,,,,,,,,,,,,,,,
51.5804992,-0.0901785,,Point,node/2267424469,toilets,,,,,,,,,,,,,,,,,,,,,,,,,,,,,,,,,,,,,survey,,,,,,,,,,,,,,,,,,,,,,,,,,,,,,
51.3693889,-0.1193787,,Point,node/2281481424,toilets,,,,,,,,,,,,,,,,,,,,,,,,,,,,,,,,,,,,,survey,,,,,,,,,,,,,,,,,,,,,,,,,,,,,,
51.5807864,0.0213449,,Point,node/2287177417,toilets,,,,,,,,,,,,,customers,,,,,,,,,,,,,,,,,,,,,,,,survey,,,,,,,,,,,,,,,,,,,,,,,,,,,,,,
51.5989892,0.0503164,,Point,node/2293528947,toilets,,,,,,,,,,,,,yes,,,,,,,,,,,,,,,,,,,,,,,,survey,,,,,,,,,,,,,,,,,,,,,,,,,,,,,,
51.4372017,-0.1613884,,Point,node/2294548481,toilets,,,,,yes,,yes,yes,BP Petrol Station,24/7,,,,,,,,,,,,,,,,,,,,,,,,,,,,,,,,,,,,,,,,,,,,,,,,,,,,,,,,,
51.3562161,-0.3816247,,Point,node/2296490463,toilets,,,,,yes,,,,,,,,,,,,,,,,,,,,,,,,,,,,,,,,,,,,,,,,,,,,,,,,,,,,,,,,,,,,,,
51.568576,0.0085175,,Point,node/2299920904,toilets,,,,,,,,yes,,,,,passengers,,,,,,,,,,,,,,,,,,,,,,,,survey,,,,,,,,,,,,,,,,,,,,,,,,,,,,,,
51.5376847,-0.0354285,,Point,node/2305721621,toilets,,,,,,,,,,,,,,,,,,,,,,,,,,,,,,,,,,,,,,,,,,,,,,,,,,,,,,,,,,,,,,,,,,,
51.5219335,-0.3597861,,Point,node/2312973174,toilets,,,,,,,,,,,,,,,,,,,,,,,,,,,,,,,,,,,,,,,,,,,,,,,,,,,,,,,,,,,,,,,,,,,
51.5198665,-0.0978166,,Point,node/2333230992,toilets,,,,yes,yes,,yes,yes,,,,,,,,,,,,,,,,London,,EC1A 9HA,,,,,,Long Lane,,,,,,,,,,,,,,,140,,,,,,,,,,,,,,,,,,,,
51.5281784,-0.3187803,,Point,node/2334587384,toilets,,,,yes,yes,,,,,,,,,,,,,,,,,,,,,,,,,,,,,,,,,,,,,,,,,,,,,,,,,,,,,,,,,,,,,,
51.6251286,-0.010287,,Point,node/2348565614,toilets,,,,,,,,,,,,,,,,,,,,,,,,,,,,,,,,,,,,,,,,,,,,,,,,,,,,,,,,,,,,,,,,,,,
51.5685975,0.0082932,,Point,node/2350011165,toilets,,,,,,,yes,,,,,,passengers,,,,,,,,,,,,,,,,,,,,,,,,,,,,,,,,,,,,,,,,,,,,,,,,,,,,,,
51.5471751,-0.1036619,,Point,node/2364991741,toilets,,,,yes,,,,,,,,,,,,,,,,,,,,,,,,,,,,,,,,,,,,,,,,,,,,,,,,,,,,,,,,,,,,,,,
51.5440182,-0.3062945,,Point,node/2370652638,toilets,,,,,,,,,,,,,,,,,,,,,,,,,,,,,,,,,,,,,,,,,,,,,,,,,,,,,,,,,,,,,,,,,,,
51.6317221,-0.1117038,,Point,node/2372792826,toilets,,,,,,,,,,,,,,,,,,,,,,,,,,,,,,,,,,,,,,,,,,,,,,,,,,,,,,,,,,,,,,,,,,,
51.6316442,-0.1117377,,Point,node/2372792829,toilets,,,,,,,,,,,,,,,,,,,,,,,,,,,,,,,,,,,,,,,,,,,,,,,,,,,,,,,,,,,,,,,,,,,
51.5545945,-0.3154195,,Point,node/2375290856,toilets,,,,,,,,,,,,,,,,,,,,,,,,,,,,,,,,,,,,,,,,,,,,,,,,,,,,,,,,,,,,,,,,,,,
51.5837625,-0.0204015,,Point,node/2375916705,toilets,,,,no,yes,,,,,,,,,,,,,,,,,,,,,,,,,,,,,,,,,,,,,,,,,,,,,,,,,,,,,,,,,,,,,,
51.5526986,-0.3129059,,Point,node/2377125867,toilets,,,,,,,,,,,,,,,,,,,,,,,,,,,,,,,,,,,,,,,,,,,,,,,,,,,,,,,,,,,,,,,,,,,
51.3581855,0.1951185,,Point,node/2398829361,toilets,,,,,,,,,,,,,,,,,,,,,,,,,,,,,,,,,,,,,,,,,,,,,,,,,,,,,,,,,,,,,,,,,,,
51.3591954,0.1952673,,Point,node/2398829364,toilets,,,,,,,,,,,,,,,,,,,,,,,,,,,,,,,,,,,,,,,,,,,,,,,,,,,,,,,,,,,,,,,,,,,
51.5446098,-0.0200839,,Point,node/2400989153,toilets,,,,,,,,,,,,,,,,,,,,,,,,,,,,,,,,,,,,,,,,,,,,,,,,,,,,,,,,,,,,,,,,,,,
51.5477215,-0.0148668,,Point,node/2400989158,toilets,,,,,,,,,,,,,,,,,,,,,,,,,,,,,,,,,,,,,,,,,,,,,,,,,,,,,,,,,,,,,,,,,,,
51.4411336,-0.0613081,,Point,node/2410984413,toilets,,,,,,,,,,,,,,,,,,,,,,,,,,,,,,,,,,,,,,,,,,,,,,,,,,,,,,,,,,,,,,,,,,,
51.555451,-0.1513428,,Point,node/2414177242,toilets,,,,no,yes,,,,Disabled WC,,,,permissive,,,flush,,yes,,,,,,,,,,,,,,,,,,,,,,,,,,,,,,,,,,,,,,,,,,,,,,,,,
51.4473214,-0.3161316,,Point,node/2418380317,toilets,,,,no,,,,,,,,,,,,,,,,,,,,,,,,,,,,,,,,,,,,,,,,,,,,,,,,,,,,,,,,,,,,,,,
51.436198,-0.0554908,,Point,node/2420135820,toilets,,,,,yes,,,,,,,,,,,flush,,yes,,,,,,,,,,,,,,,,,,,,,,,,,,,,,,,,,,,,,,,,,,,,,,,,,
51.4452448,-0.3282487,,Point,node/2423526391,toilets,,,,,,,,,,,,,,,,,,,,,,,,,,,,,,,,,,,,,,,,,,,,,,,,,,,,,,,,,,,,,,,,,,,
51.4463392,-0.3257708,,Point,node/2423526404,toilets,,,,,,,,,,,,,,,,,,,,,,,,,,,,,,,,,,,,,,,,,,,,,,,,,,,,,,,,,,,,,,,,,,,
51.4477576,-0.3259476,,Point,node/2423526455,toilets,,,,,,,,,,,,,,,,,,,,,,,,,,,,,,,,,,,,,,,,,,,,,,,,,,,,,,,,,,,,,,,,,,,
51.4055623,-0.340653,,Point,node/2424720881,toilets,,,,no,yes,,,,,,,,,,,,,,,,,,,,,,,,,,,,,,,,,,,,,,,,,,,,,,,,,,,,,,,,,,,,,,
51.5146203,-0.1421375,,Point,node/2427879271,toilets,,,,yes,yes,yes,yes,yes,Princes Street,24/7,,,,,,,,,,,,,,,,,,,,,,,,,,,,,,,,,,,,,,,,,,,,,,,,,,,,,,,,,
51.619324,-0.087875,,Point,node/2431238065,toilets,,,,,,,,,,,,,,,,,,,,,,,,,,,,,,,,,,,,,,,,,,,,,,,,,,,,,,,,,,,,,,,,,,,
51.5324626,-0.2451912,,Point,node/2434557269,toilets,,,,,,,yes,yes,Willesden Junction Platform 3,,,,customers,,,flush,,,,,,,,,,,,,,,,,,,,,,,,,,,,,,,,,,,,,,,,,,,,,,,,,,,
51.3367969,-0.053108,,Point,node/2446516812,toilets,,,,,,,,,,,,,,,,,,,,,,,,,,,,,,,,,,,,,,,,,,,,,,,,,,,,,,,,,,,,,,,,,,,
51.5445266,-0.0085875,,Point,node/2448110827,toilets,,,,no,yes,,,,,,,,,,,,,,,,,,,,,,,,,,,,,,,,,,,,,,,,,,,,,,,,,,,,,,,,,,,,,,
51.5028988,-0.1192156,,Point,node/2456520031,toilets,,,,no,no,,,,,,,,,,,,,,,,,,,,,,,,,,,,,,,,,,,,,,,,,,,,,,,,,,,,,,,,,,,,,,
51.5677066,0.0422234,,Point,node/2467687629,toilets,,,,,,,,,,,,,,,,,,,,,,,,,,,,,,,,,,,,,,,,,,,,,,,,,,,,,,,,,,,,,,,,,,,
51.4572113,0.0052146,,Point,node/2482261802,toilets,,,,,,yes,yes,yes,Manor House Gardens,Mo-Fr 08:00-16:00,,,,,,,,,,,,,,,,,,,,,,,,,,,,,,,,,,,,,,,,,,,,,,,,,,,,,,,,,
51.465956,0.009657,,Point,node/2482264460,toilets,,,,,yes,,yes,yes,Blackheath Grove,24/7,,,,,,,,,,,,,,,,,,,,,,,,,,,,,,,,,,,,,,,,,,,,,,,,,,,,,,,,,
51.45657,0.050241,,Point,node/2487888194,toilets,,,,,yes,,yes,yes,Well Hall Gardens,Mo-Su 08:00-16:00,,,,,,,,,,,,,,,,,,,,,,,,,,,,,,,,,,,,,,,,,,,,,,,,,,,,,,,,,
51.430281,0.057799,,Point,node/2496765570,toilets,,,,,,,yes,yes,Queen's Gardens,Mo-Su 09:30-15:30,,,,,,,,,,,,,,,,,,,,,,,,,,,,,,,,,,,,,,,,,,,,,,,,,,,,,,,,,
51.4947617,-0.1431464,,Point,node/2497930235,toilets,,,,30p,,,,,,,,,,,,,,,,,,,,,,,,,,,,,,,,,,,,,,,,,,,,,,,,,,,,,,,,,,,,,,,
51.6646977,0.0401322,,Point,node/2529636927,toilets,,,,,,,,,,,,,,,,,,,,,,,,,,,,,,,,,,,,,,,,,,,,,,,,,,,,,,,,,,,,,,,,,,,
51.4267292,-0.054487,,Point,node/2541311406,toilets,,,,no,yes,yes,,,Toilets,24/7,healthmatic,,permissive,,,,,yes,,,0,,,,,,,,,,,,,,,,,,,,,,,,,,,yes,,,,,,,,,,,,,,,,,,,
51.414984,-0.0531411,,Point,node/2544245188,toilets,,,,,yes,,yes,yes,Penge High Street,Mo-Su 08:00-18:00,,,,,,flush,,,,,,,,,,,,,,,,,,,,,,,,,,,,,,,,,,,,,,,,,,,,,,,,,,,
51.477445,0.019619,,Point,node/2602103844,toilets,,,,yes,yes,,yes,yes,Bartley Park,24/7,,,,,,,,,,,,,,,,,,,,,,,,,,,,,,,,,,,,,,,,,,,,,,,,,,,,,,,,,
51.406686,0.0140381,,Point,node/2623255971,toilets,,,,,yes,yes,yes,yes,Sainsbury's,Mo-Sa 07:00-22:00; Su 11:00-17:00,,,permissive,,,,,,,,,,,,,,,,,,,,,,,,,,,,,,,,,,,,,,,,,,,,,,,,,,,,,,
51.4621576,-0.0125973,,Point,node/2642154060,toilets,,,,no,yes,yes,yes,yes,Lewisham Shopping Centre,Mo-Sa 09:00-19:00; Su 11:00-17:00,,,,,,,,,,,,,,,,,,,,,,,,,,,,,,,,,,,,,,,,,,,,,,,,,,,,,,,,,
51.4870677,-0.2205297,,Point,node/2702762671,toilets,,,,no,yes,,,,Charing Cross Hospital Entrance,,Charing Cross Hospital,,permissive,,,flush,,,,,,,,,,,,,,,,,,,,,,,,,,,,,,,,,,,,,,,,,,,,,,,,,,,
51.481757,0.040595,,Point,node/2712313519,toilets,,,,,,,yes,yes,Charlton Park,Mo-Su 09:00-17:00,,,,,,,,,,,,,,,,,,,,,,,,,,,,,,,,,,,,,,,,,,,,,,,,,,,,,,,,,
51.6872825,-0.017231,,Point,node/2714875181,toilets,,,,,,,,,,,,,,,,,,,,,,,,,,,,,,,,,,,,,,,,,,,,,,,,,,,,,,,,,,,,,,,,,,,
51.4766709,-0.0007458,,Point,node/2727888114,toilets,,,,yes,yes,,yes,yes,Greenwich Park,Mo-Su 07:00-17:00,,,,0.20 £,,,,,,,,,,,,,,,,,,,,,,,,,,,,,,,,,,,,,,,,,,,,,,,,,,,,,
51.564936,-0.3522408,,Point,node/2738431694,toilets,,,,yes,yes,,,,,,Transport for London,,yes,,,flush,,,,,,,,,,,,,,,,,,,,,,,,,,,,,,,,,,,,,,,,,,,,,,,,,,,
51.4777832,-0.0017495,,Point,node/2738840989,toilets,,,,,yes,,,,,,,,yes,,,,,,,,,,,,,,,,,,,,,,,,,,,,,,,,,,,,,,,,,,,,,,,,,,,,,,
51.4839684,-0.1073933,,Point,node/2751700491,toilets,,,,,,,,,,,,,,,,,,,,,,,,,,,,,,,,,,,,,,,,,,,,,,,,,,,,,,,,,,,,,,,,,,,
51.5170742,-0.176345,,Point,node/2779109323,toilets,,,,yes,,,,,,,,,,,,,,,,,-1,,,,,,,,,,,,,,,,survey,,,,,,,,,,,,,,,,,,,,,,,,,,,,,,
51.489551,0.121217,,Point,node/2804271421,toilets,,,,,yes,,yes,yes,Knee Hill,24/7,,,,,,,,,,,,,,,,,,,,,,,,,,,,,,,,,,,,,,,,,,,,,,,,,,,,,,,,,
51.481657,0.069903,,Point,node/2819588703,toilets,,yes,,,,,yes,yes,,Mo-Fr 08:00-17:00,,,,,,,,,,,,,,,,,,,,,,,,,,,,,,,,,,,,,,,,,,,,,,,,,,,,,,,,,
51.541199,-0.00228,,Point,node/2819589206,toilets,,,,,,,yes,yes,Stratford Station,,,,,,,,,,,,,,,,,,,,,,,,,,,,,,,,,,,,,,,,,,,,,,,,,,,,,,,,,,
51.4173502,-0.0692462,,Point,node/2841310910,toilets,,,,no,,,,,,,,,customers,,,,,,,,,,,,,,,,,,,,,,,,,,,,,,,,,,,,,,,,,,,,,,,,,,,,,,
51.4417482,-0.0614555,,Point,node/2863274266,toilets,,,,,,,,,,,,,,,,,,,,,,,,,,,,,,,,,,,,,survey,,,,,,,,,,,,,,,,,,,,,,,,,,,,,,
51.4611438,-0.0106424,,Point,node/2869368501,toilets,,,,yes,yes,no,yes,yes,Lewisham Market,24/7,,,,,,,,,,,,,,,,,,,,,,,,,,,,,,,,,,,,,,,,,,,,,,,,,,,,,,,,,
51.42762,-0.039378,,Point,node/2883510502,toilets,,,,,,,yes,yes,,24/7,,,,,,,,,,,,,,,,,,,,,,,,,,,,,,,,,,,,,,,,,,,,,,,,,,,,,,,,,
51.5560921,-0.2861669,,Point,node/2894414189,toilets,,,"There is a secondary door on the South side for four, event day only, urinals.  Looks architect designed.",£0.20,yes,,,,,,,,,,,,,,,,,,"Trim position when Bing is updated.  The immediate area has been changed since Bing, but this building is in the clear so should be visible when the imagery is updated.",,,,,,,,,,,,,,survey;Bing 2012,,,,,,2014-06-01,,,,,,The event day urinals are free.,,,,,,,,,,,,,,,,,,
51.4888803,-0.0912393,,Point,node/2897395303,toilets,,,,,,,,,,Tu-Fr 07:30-17:30,,,public,,,,,,,,,,,,,,,,,,,,,,,,,,,,,,,,,,,,,,,,,,,,,,,,,,,,,,
51.5521114,-0.2958266,,Point,node/2904959620,toilets,,,,,,,,,,,,,,,,,,,,,,,,,,,,,,,,,,,,,,,,,,,,,,,,,,,,,,,,,,,,,,,,,,,
51.4733552,0.0025463,,Point,node/2918704738,toilets,,,,,,,,,,,,,,,,,,,,,,,,,,,,,,,,,,,,,,,,,,,,,,,,,,,,,,,,,,,,,,,,,,,
51.4394349,-0.053537,,Point,node/2920200701,toilets,,,,,,,yes,yes,Forest Hill Station Car Park,24/7,,,,,,,,,,,,,,,,,,,,,,,,,,,,,,,,,,,,,,,,,,,,,,,,,,,,,,,,,
51.440465,-0.0623808,,Point,node/2924796320,toilets,,,,,,,,,,,,,,,,,,,,,,,,,,,,,,,,,,,,,,,,,,,,,,,,,,,,,,,,,,,,,,,,,,,
51.4619526,-0.1130333,,Point,node/2949127696,toilets,,,,yes,,,,,,,,,,,,,,,,,,,,,,,,,,,,,,,,,,,,,,,,,,,,,,£0.20,,,,,,,,,,,,,,,,,
51.4727711,-0.0684732,,Point,node/2950089188,toilets,,,,,,,,,,,Morrisons,,,,,,,,,,,,,,,,,,,,,,,,,,,,,,,,,,,,,,,,,,,,,,,,,,,,,,,,
51.5367405,-0.2475592,,Point,node/2953438640,toilets,,,,,,,,,,,,,,,,,,,,,,,,,,,,,,,,,,,,,,,,,,,,,,,,,,,,,,,,,,,,,,,,,,,
51.6493516,-0.3167943,,Point,node/2972070089,toilets,,,,,,,,,,,,,,,,,,,,,,,,,,,,,,,,,,,,,,,,,,,,,,,,,,,,,,,,,,,,,,,,,,,
51.5474992,-0.2256705,,Point,node/3084901346,toilets,,,,,,,,,,,,,,,,,,,,,,,,,,,,,,,,,,,,,,,,,,,,,,,,,,,,,,,,,,,,,,,,,,,
51.5304622,-0.1260651,,Point,node/3086646133,toilets,,,,no,yes,,yes,yes,,,,,,,,,,,,,0,,,,,,,,,,,,,,,,,,,,,,,,,,,,,,,,,,,,,,,,,,,,,,
51.6338105,-0.0750103,,Point,node/3091449341,toilets,,,,,,,yes,,,,Enfield Council,,yes,,,flush,,,,,,,,,,,,,,,,,,,,,,,,,,,,,,,,,,,,,,,,,,,,,,,,,,,
51.5883446,-0.4296307,,Point,node/3111335328,toilets,,,"Approximate, from map at http://www.ruisliplidorailway.org/sites/ruisliplidorailway.org/files/images/NEW%20Lido%20Map%20with%202nd%20Car%20Park%20v2.0.jpg",,,,,,,,,,,,,,,,,,,,,,,,,,,,,,,,,,,,,,,,,,,,,,,,,,,,,,,,,,,,,,,,
51.4632206,-0.2167608,,Point,node/3111854829,toilets,,,,,yes,yes,yes,yes,Putney Exchange,,,,,,,,,,,,,,,,,,,,,,,,,,,,,,,,,,,,,,,,,,,,,,,,,,,,,,,,,,
51.5976904,-0.0502096,,Point,node/3146283018,toilets,,,may now be limited to Waterside Cafe customers,,,,,,,,,,,,,,,,,,,,,,,,,,,,,,,,,,,,,,,,,,,,,,,,,,,,,,,,,,,,,,,,
51.4029208,-0.3366514,,Point,node/3186379852,toilets,,,,,,,,,,,,,,,,,,,,,,,,,,,,,,,,,,,,,,,,,,,,,,,,,,,,,,,,,,,,,,,,,,,
51.5381989,0.0792764,,Point,node/3199946581,toilets,,,"Small toilet in a circular structure, almost certainly automated",,,,,,,,,,yes,,,,,,,,,,,,,,,,,,,,,,,,,,,,,,,,,,,,,,,,,,,,,,,,,,,,,,
51.392878,0.1670832,,Point,node/3204648174,toilets,,,,,yes,,,,,,,,customers,,,,,,,,,,,,,,,,,,,,,,,,,,,,,,,,,,,,,,,,,,,,,,,,,,,,,,
51.3971432,0.1745085,,Point,node/3204648175,toilets,,,,,yes,yes,,,,,,,customers,,,,yes,,,,,,,,,,,,,,,,,,,,,,,,,,,,,,,,,,,,,,,,,,,,,,,,,,
51.5030805,-0.4199591,,Point,node/3257353642,toilets,,,,,,,,,,,,,,,,,,,,,,,,,,,,,,,,,,,,,,,,,,,,,,,,,,,,,,,,,,,,,,,,,,,
51.3727328,-0.4551047,,Point,node/3260105785,toilets,,,,,,,,,,,,,,,,,,,,,,,,,,,,,,,,,,,,,,,,,,,,,yes,,,,,,,,,,,,,,,,,,,,,,
51.5139142,-0.0949309,,Point,node/3269358623,toilets,,,,,,,,,,,,,,,,,,,,,-1,,,,,,,,,,,,,,,,,,,,,,,,,,,,,,,,,,,,,,,,,,,,,,
51.5134726,-0.0952537,,Point,node/3269424658,toilets,,,,,,,,,,,,,,,,,,,,,1,,,,,,,,,,,,,,,,,,,,,,,,,,,,,,,,,,,,,,,,,,,,,,
51.6759886,0.0021855,,Point,node/3331123972,toilets,,,,,yes,yes,,,,,,,,,,,,,,,,,,,,,,,,,,,,,,,,,,,,,,,,,,,,,,,,,,,,,,,,,,,,,
51.5247411,-0.1235919,,Point,node/3341983993,toilets,,,,,yes,yes,,,Hunter Street Health Centre,,,,customers,,,,,,,,,,,,,,,,,,,,,,,,,,,,,,,,,,,,,,,,,,,,,,,,,,,,,,
51.5284942,-0.1324968,,Point,node/3357569166,toilets,,,,no,no,,,,,,,,yes,,,,,,,,0,,,,,,,,,,,,"Toilets opposite mainline platform 1, on main concourse level, and outside the ticket line.",,,,,,,,,,,,,,,,,,,,,,,,,,,,,,,,,,
51.3860827,-0.4308162,,Point,node/3400236249,toilets,,,,,,,,,,,,,,,,,,,,,,,,,,,,,,,,,,,,,,,,,,,,,,,,,,,,,,,,,,,,,,,,,,,
51.5125365,-0.0141464,,Point,node/3400366392,toilets,,,,,,,,,,,,,yes,,,,,,,,,,,,,,,,,,,,,,,,,,,,,,,,,,,,,,,,,,,,,,,,,,,,,,
51.518135,-0.2066507,,Point,node/3412641820,toilets,,,,no,yes,,,,,,,,yes,,,,,,,,,,,,,,,,,,,,,,,,,,,,,,,,,,,,,,,,,,,,,,,,,,,,,,
51.4804842,-0.1945969,,Point,node/3415870334,toilets,,,,,,,,,,,,,,,,,,,,,,,,,,,,,,,,,,,,,,,,,,,,,,,,,,,,,,,,,,,,,,,,,,,
51.4799856,-0.1963291,,Point,node/3415870376,toilets,,,,,,,,,,,,,,,,,,,,,,,,,,,,,,,,,,,,,,,,,,,,,,,,,,,,,,,,,,,,,,,,,,,
51.4885872,-0.1648044,,Point,node/3415875855,toilets,,,,,yes,,,,,,,,customers,,,flush,,yes,,,-1,,,,,,,,,,,,,,,,,,,,,,,,,,,,,,,,,,,,,,,,,,,,,,
51.4923841,-0.156798,,Point,node/3415877973,toilets,,,,yes,no,,,,,,,,,,,,,,,,,,,,,,,,,,,,,,,,,,,,,,,,,,,,,,,,,,,,,,,,,,,,,,
51.4923441,-0.1586273,,Point,node/3415879309,toilets,,,,no,limited,,,,,,,,,,,,,,,,,,,,,,,,,,,,,,,,,,,,,,,,,,,,,,,,,,,,,,,,,,,,,,
51.4340074,-0.2814338,,Point,node/3416271137,toilets,,,,,,,,,,,,,,,,,,,,,,,,,,,,,,,,,,,,,,,,,,,,,,,,,,,,,,,,,,,,,,,,,,,
51.5087387,-0.0756504,,Point,node/3453930440,toilets,,,,,yes,yes,yes,yes,,,,,,,,,,,,,,,,,,,,,,,,,,,,,,,,,,,,,,,,,,,,,,,,,,,,,,,,,,,
51.3921401,-0.3044409,,Point,node/3529029771,toilets,,,,no,no,no,,yes,,,,,yes,,,,,,,,0,,,,,,,,,,,,,,,,,,,,,,,,,,,,,,,,,,,,,,,,,,,,,,
51.3052485,-0.41021,,Point,node/3551237828,toilets,,,,,yes,,,,Petrol Station Toilet,,,,,,,,,,,,,,,,,,,,,,,,,,,,,,,,,,,,,,,,,,,,,,,,,,,,,,,,,,
51.5641908,-0.0589184,,Point,node/3551283263,toilets,,,,,,,,,Petrol Station Toilets,,,,,,,,,,,,,,,,,,,,,,,,,,,,,,,,,,,,,,,,,,,,,,,,,,,,,,,,,,
51.3390545,-0.1151549,,Point,node/3568654021,toilets,,,,,,,,,,,,,,,,,,,,,,,,,,,,,,,,,,,,,,,,,,,,,,,,,,,,,,,,,,,,,,,,,,,
51.4998394,0.0031402,,Point,node/3574199893,toilets,,,,,,,yes,,,,,,yes,,,,,,,,,,,,,,,,,,,,,,,,,,,,,,,,,,,,,,,,,,,,,,,,,,,,,,
51.4838997,-0.0776527,,Point,node/3578820612,toilets,,,,,,,,,,,,,,,,,,,,,,,,,,,,,,,,,,,,,,,,,,,,,,,,,,,,,,,,,,,,,,,,,,,
51.4836374,-0.0841329,,Point,node/3578820613,toilets,,,,,,,,,,,,,,,,,,,,,,,,,,,,,,,,,,,,,,,,,,,,,,,,,,,,,,,,,,,,,,,,,,,
51.5072865,-0.0717199,,Point,node/3578825664,toilets,,,,no,,,yes,yes,,07:00-21:00,,,yes,,,flush,,,,,,,,,,,,,,,,,,,,,,,,,,,,,,,,,,,no,seated;urinal,,,,,,,,,,,,,,,
51.4831654,-0.0051439,,Point,node/3621917476,toilets,,,,,,,,,,,,,yes,,,flush,,yes,,,,,,,,,,,,,,,,,,,,,,,,,,,,,,,,,,,,,,,,,,,,,,,,,
51.4811948,-0.0039612,,Point,node/3621921602,toilets,,,,,,,,,,,,,yes,,,flush,,yes,,,,,,,,,,,,,,,,,,,,,,,,,,,,,,,,,,,,,,,,,,,,,,,,,
51.4802074,-0.0059736,,Point,node/3621922478,toilets,,,,,,,,,,,,,yes,,,flush,,yes,,,,,,,,,,,,,,,,,,,,,,,,,,,,,,,,,,,,,,,,,,,,,,,,,
51.4826483,-0.0085556,,Point,node/3621926154,toilets,,,,no,yes,,,,,,,,yes,,,flush,yes,yes,,,,,,,,,,,,,,,,,,,,,,,,,,,,,,,,,,,,,,,,,,,,,,,,,
51.5180625,0.0426415,,Point,node/3624003386,toilets,,,,,,,,,,,,,,,,,,,,,,,,,,,,,,,,,,,,,gps+mapnoter,,,,,,,,,,,,,,,,,,,,,,,,,,,,,,
51.4128332,-0.3017151,,Point,node/3641486889,toilets,,,,,,,,,,,,,,,,,,,,,,,,,,,,,,,,,,,,,,,,,,,,,,,,,,,,,,,,,,,,,,,,,,,
51.484054,0.013571,,Point,node/3655730526,toilets,,,,,,,yes,yes,Pistachios Cafe In Pleasaunce Park,Mo-Su 09:30-18:00,,,,,,,,,,,,,,,,,,,,,,,,,,,,,,,,,,,,,,,,,,,,,,,,,,,,,,,,,
51.5684943,0.0707552,,Point,node/3656106833,toilets,,,,,,,,,,,,,yes,,,,,,,,,,,,,,,,,,,,,,,,,,,,,,,,,,,,,,,,,,,,,,,,,,,,,,
51.4300494,0.0257673,,Point,node/3675330352,toilets,,,,,,,,,,,,,,,,,,,,,,,,,,,,,,,,,,,,,,,,,,,,,,,,,,,,,,,,,,,,,,,,,,,
51.3644515,-0.0793641,,Point,node/3678678349,toilets,,,,,,,,yes,,,,,,,,,,,,,,,,,,,,,,,,,,,,,,,,,,,,,,,,,,,,,,,,,,,,,,,,,,,
51.3644515,-0.0793332,,Point,node/3678678350,toilets,,,,,,,yes,,,,,,,,,,,,,,,,,,,,,,,,,,,,,,,,,,,,,,,,,,,,,,,,,,,,,,,,,,,,
51.5421618,-0.147715,,Point,node/3710942798,toilets,,,,yes,yes,,,,,,Camden Stables Market,,,,,,,,,,-1,,,,,,,,,,,,,,,,,,,,,,,,,,,,,,,,,,,,,,,,,,,,,,
51.4634592,0.1340346,,Point,node/3717163096,toilets,,,,,,,,yes,,,,,,,,,,,,,,,,,,,,,,,,,,,,,,,,,,,,,,,,,,,,,,,,,,,,,,,,,,,
51.4634609,0.1339595,,Point,node/3717163097,toilets,,,,,,,yes,,,,,,,,,,,,,,,,,,,,,,,,,,,,,,,,,,,,,,,,,,,,,,,,,,,,,,,,,,,,
51.4422324,-0.0896523,,Point,node/3764498529,toilets,,,,,,,,,,,,,,,,,,,,,,,,,,,,,,,,,,,,,,,,,,,,,,,,,,,,,,,,,,,,,,,,,,,
51.5302161,-0.1913896,,Point,node/3777957713,toilets,,,,no,,,,,,,,,,,,,,,,,,,,,,,,,,,,,,,,,,,,,,,,,,,,,,,,,,,,,,,,,,,,,,,
51.6128187,-0.2963578,,Point,node/3780963380,toilets,,,,,,,,,,,,,,,,,,,,,,,,,,,,,,,,,,,,,,,,,,,,,,,,,,,,,,,,,,,,,,,,,,,
51.5176134,-0.0816208,,Point,node/3794539887,toilets,,,,,yes,,,,,,,,,,,,,yes,,,,,,,,,,,,,,,,,,,,,,,,,,,,,,,,,,,,,,,,,,,,,,,,,
51.5082564,0.0090662,,Point,node/3824553015,toilets,,,,,,,,,,,,,yes,,,flush,,yes,,,,,,,,,,,,,,,,,,,,,,,,,,,,,,,,,,,,,,,,,,,,,,,,,
51.3852458,-0.4216378,,Point,node/3896841722,toilets,,,,,yes,,,,,,,,public,,,flush,,,,,,,,,,,,,,,,,,,,,,,,,,,,,,,,,,,,seated;urinal,,,,,,,,,,,,,,,
51.5134805,-0.088616,,Point,node/3906081659,toilets,,,in subway tunnel,yes,,,,,,,,,,,,,,,,,-1,,,,,,,,,,,,,,,,,,,,,,,,,,,,,,,,,,,,,,,,,,,,,,
51.5503263,-0.2902373,,Point,node/3906854041,toilets,,,,,,,,,,,,,customers,,,,,yes,,,,,,,,,,,,,,,,,,,,,,,,,,,,,,,,,,,,,,,,,,,,,,,,,
51.5034852,-0.175276,,Point,node/3922715852,toilets,,,,yes,,,,,,Mo-Su 05:00-00:00,,,,0.20£,,,,,,,,,,,,,,,,,,,,,,,,,,,,,,,,,,,,,,,,,,,,,,,,,,,,,
51.5513638,-0.0992444,,Point,node/3974548723,toilets,,,,yes,yes,,,,,,,,,,,,,,,,,,,,,,,,,,,,,,,,gps+mapnoter,,,,,,,,,,,,,,,,,,,,,,,,,,,,,,
51.6025463,-0.1332927,,Point,node/3979329866,toilets,,,,,,,yes,,,,,,,,,,,,,,,,,,,,,,,,,,,,,,,,,,,,,,,,,,,,,,,,,,,,,,,,,,,,
51.602498,-0.1335891,,Point,node/3979329868,toilets,,,,,,,,yes,,,,,,,,,,,,,,,,,,,,,,,,,,,,,,,,,,,,,,,,,,,,,,,,,,,,,,,,,,,
51.510489,-0.036375,,Point,node/4055643986,toilets,,,,,,,yes,yes,,,Limehouse Basin Marina,,customers,,,,,,,,,,,,,,,,,,,,,,,,,,,,,,,,,,,,,,no,seated,,,,,,,,,,,,,,,
51.6018818,-0.0675271,,Point,node/4081574329,toilets,,,,,,,,,,,,,yes,,,,,,,,,,,,,,,,,,,,,,,,,,,,,,,,,,,,,,,,,,,,,,,,,,,,,,
51.4666235,0.0696354,,Point,node/4085377275,toilets,,,,no,,,yes,,,,Oxleas Wood Cafe,,permissive,,,flush,,,,,,,,,,,,,,,,,,,,,,,,,,,,,,,,,,,,seated,,,,,,,,,,,,,,,
51.4666718,0.0698147,,Point,node/4085377281,toilets,,,,no,,,,yes,,,Oxleas Wood Cafe,,permissive,,,flush,,,,,,,,,,,,,,,,,,,,,,,,,,,,,,,,,,,,seated;urinal,,,,,,,,,,,,,,,
51.5211445,-0.2092594,,Point,node/4107669709,toilets,,,,,,,,,,,,,,,,,,,,,,,,,,,,,,,,,,,,,,,,,,,,,,,,,,,,,underground,,,,,,,,,,,,,,
51.4931985,-0.0359248,,Point,node/4130240424,toilets,,,,,,,yes,yes,,,,,customers,,,flush,,,,,,,,,,,,,,,,,,,,,,,,,,,,,,,,,,,,seated;urinal,,,,,,,,,,,,,,,
51.4936197,-0.0332387,,Point,node/4155735358,toilets,,,,no,,,yes,yes,,,South Dock Marina,,customers,,,flush,,,,,,,,,,,,,,,,,,,,,,,,,,,,,,,,,,,yes,,,,,,,,,,,,,,,,
51.5816988,-0.0613732,,Point,node/4184217427,toilets,,,,,,,,,,,,,,,,,,,,,,,,,,,,,,,,,,,,,,,,,,,,,,,,,,,,,,,,,,,,,,,,,,,
51.3433355,-0.2912365,,Point,node/4200886795,toilets,,,,,,,,,,,,,,,,,,,,,,,,,,,,,,,,,,,,,,,,,,,,,,,,,,,,,,,,,,,,,,,,,,,
51.4473762,-0.3495194,,Point,node/4211154680,toilets,,,,,,,,,,,,,,,,,,,,,,,,,,,,,,,,,,,,,,,,,,,,,,,,,,,,,,,,,,,,,,,,,,,
51.348342,-0.3171962,,Point,node/4222314594,toilets,,,,,,,,,,,,,,,,,,,,,,,,,,,,,,,,,,,,,,,,,,,,,,,,,,,,,,,,,,,,,,,,,,,
51.5036583,-0.113509,,Point,node/4274551602,toilets,,,,no,,,no,yes,Waterloo Station,24/7,,,,,,,,,,,1,,,London,London Waterloo Station,SE1 8SW,,,,,,,,,,,,,,,,,,,,,,,,,,,,,,,,,,,,,,,,,
51.3585347,-0.2287484,,Point,node/4281624003,toilets,,,,no,yes,yes,,,,,,,permissive,,,flush,,,,,,,,,,,,,,,,,,,,,,,,,,,,,,,,,,,,,,,,,,,,,,,,,,,
51.4702767,-0.4561901,,Point,node/4309664236,toilets,,,,,,,,,,,,,,,,,,,,,1,,,,,,,,,,,,,,,,,,,,,,,,,,,,,,,,,,,,,,,,,,,,,,
51.4710119,-0.4583976,,Point,node/4309664258,toilets,,,,,,,,,,,,,,,,,,,,,1,,,,,,,,,,,,,,,,,,,,,,,,,,,,,,,,,,,,,,,,,,,,,,
51.4682058,-0.2283266,,Point,node/4319635796,toilets,,,for bus drivers only,,,,,,,,,,private,,,,,,,,,,,,,,,,,,,,,,,,,,,,,,,,,,,,,,,,,,,,,,,,,,,,,,
51.4488221,-0.0745675,,Point,node/4320730261,toilets,,,,,,,,,,,,,,,,,,,,,,,,,,,,,,,,,,,,,,,,,,,,,,,,,,,,,,,,,,,,,,,,,,,
51.5784544,-0.3175406,,Point,node/4323353590,toilets,,,,,,,,,,Mo-Su 05:00-00:50,London Underground,,,,,,,,,,,,,,,,,,,,,,,,,,,,,,,,,,,,,,,,,,,,,,,,,,,,,,,,
51.5841857,-0.1770955,,Point,node/4327904610,toilets,,,,,,,yes,,,,,,,,,,,,,,,,,,,,,,,,,,,,,,,,,,,,,,,,,,,,,,,,,,,,,,,,,,,,
51.4711808,-0.4587433,,Point,node/4329936966,toilets,,,,,,,,,,,,,,,,,,,,,,,,,,,,,,,,,,,,,,,,,,,,,,,,,,,,,,,,,,,,,,,,,,,
51.5082525,-0.1247442,,Point,node/4329962757,toilets,,,,,,,,,,,,,,,,,,,,,,,,,,,,,,,,,,,,,,,,,,,,,,,,,,,,,,,,,,,,,,,,,,,
51.5507332,-0.3153061,,Point,node/4334058023,toilets,,,,,,,,,,,TfL,,private,,,,,yes,,,,,,,,,,,,,,,"To access these toilets, call a telephone number displayed on the wall of the building to ask for the code.",,,,,,,,,,,,,,,,,,,,,,,,,,,,,,,,,,
51.5593437,-0.0119992,,Point,node/4341841990,toilets,,,,no,yes,,,,,,,,,,,,,,,,,,,,,,,,,,,,,,,,,,,,,,,,,,,,,,,,,,,,,,,,,,,,,,
51.4676179,-0.186839,,Point,node/4360230742,toilets,,,,,,,,,,,,,customers,,,,,,,,,,,,,,,,,,,,,,,,,,,,,,,,,,,,,,,,,,,,,,,,,,,,,,
51.5047023,-0.0232172,,Point,node/4367679255,toilets,,,,,,,,,,Mo-Fr 10:00-18:00,,,,,,,,,,,,,,,,,,,,,,,,,,,gps+mapnoter,,,,,,,,,,,,,,,,,,,,,,,,,,,,,,
51.6483279,-0.0590157,,Point,node/4381895537,toilets,,,,,yes,,,,,,,,,,,,yes,,,,,,,,,,,,,,,,,,,,,,,,,,,,,,,,,,,,,,,,,,,,,,,,,,
51.6479651,-0.0472381,,Point,node/4381895538,toilets,,,,,,,,,,,,,,,,,,,,,,,,,,,,,,,,,,,,,,,,,,,,,,,,,,,,,,,,,,,,,,,,,,,
51.6073567,-0.0214996,,Point,node/4381901961,toilets,,,,,,,,,,,,,,,,,,,,,,,,,,,,,,,,,,,,,,,,,,,,,,,,,,,,,,,,,,,,,,,,,,,
51.5609762,0.1629174,,Point,node/4393353463,toilets,,,,,,,,,,,,,,,,,,,,,,,,,,,,,,,,,,,,,gps+mapnoter,,,,,,,,,,,,,,,,,,,,,,,,,,,,,,
51.479855,0.1848361,,Point,node/4413996314,toilets,,,,,,,,,,,,,,,,,,,,,,,,,,,,,,,,,,,,,gps+mapnoter,,,,,,,,,,,,,,,,,,,,,,,,,,,,,,
51.4022832,-0.3426643,,Point,node/4427677262,toilets,,,,,,,,,,,,,,,,,,,,,,,,,,,,,,,,,,,,,,,,,,,,,,,,,,,,,,,,,,,,,,,,,,,
51.4656157,-0.0595013,,Point,node/4438342675,toilets,,,,,,,,,,,,,,,,,,,,,,,,,,,,,,,,,,,,,,,,,,,,,,,,,,,,,,,,,,,,,,,,,,,
51.5413835,-0.1462842,,Point,node/4440565084,toilets,,,,,,,yes,,,,Camden Market,,permissive,,,,,,,,1,,,,,,,,,,,,,,,,,,,,,,,,,,,,,,,,,,,,,,,,,,,,,,
51.5413747,-0.1463063,,Point,node/4440565085,toilets,,,,,,,,yes,,,Camden Market,,,,,,,,,,1,,,,,,,,,,,,,,,,,,,,,,,,,,,,,,,,,,,,,,,,,,,,,,
51.5413676,-0.1463293,,Point,node/4440565086,toilets,,,,,,yes,,,,,Camden Market,,,,,,,yes,,,1,,,,,,,,,,,,,,,,,,,,,,,,,,,,,,,,,,,,,,,,,,,,,,
51.609469,-0.1884185,,Point,node/4455788939,toilets,,,,,,,,,,,,,customers,,,,,,,,,,,,,,,,,,,,Platform 1 (Northbound),,,,,,,,,,,,,,,,,,,,,,,,,,,,,,,,,,
51.5886311,-0.0599434,,Point,node/4457179028,toilets,,,,no,yes,no,yes,yes,,,,,customers,,,,,no,,,0,,,,,,,,,,,,Platform 2,,,,,,,,,,,,,,,,,,,,,,,,,,,,,,,,,,
51.4949828,-0.1247996,,Point,node/4457814508,toilets,,,,,yes,,,,,,,,,,,,,,,,,,,,,,,,,,,,,,,,,,,,,,,,,,,,,,,,,,,,,,,,,,,,,,
51.6511532,-0.0811172,,Point,node/4464099626,toilets,,,,no,yes,,yes,yes,,,,,yes,,,,yes,,,,,,,,,,,,,,,,,,,,gps+mapnoter,,,,,,,,,,,,,,,,,,,,,,,,,,,,,,
51.5269979,-0.0133074,,Point,node/4478049875,toilets,,,,,,,,,,,,,,,,,,,,,,,,,,,,,,,,,,,,,gps+mapnoter,,,,,,,,,,,,,,,,,,,,,,,,,,,,,,
51.5225235,-0.1628621,,Point,node/4491414089,toilets,,,This is the ladies and disabled toilets and also unisex baby change.,,,,yes,,,,,,,,,,,,,,,,,,,,,,,,,,,,,,,,,,,,,,,,,,,,,,,,,,,,,,,,,,,,
51.5532008,-0.0257241,,Point,node/4524942689,toilets,,,,,,,,,,,,,,,,,,,,,,,,,,,,,,,,,,,,,,,,,,,,,,,,,,,,,,,,,,,,,,,,,,,
51.4542705,-0.1941035,,Point,node/4566694745,toilets,,,,,yes,,,,,,,1,,,,,yes,,,,1,,,,,,,,,,,,,,,,,,,,,,,,,,,,,,,,,,,,,,,,,,,,,,
51.4540587,-0.191205,,Point,node/4567026607,toilets,,,,,,,,,,,,,,,,,,,,,,,,,,,,,,,,,,,,,,,,,,,,,,,,,,,,,,,,,,,,,,,,,,,
51.4573286,-0.1901989,,Point,node/4567026608,toilets,,,,,,,,,,,,,,,,,,,,,,,,,,,,,,,,,,,,,,,,,,,,,,,,,,,,,,,,,,,,,,,,,,,
51.4468812,-0.1806844,,Point,node/4567034574,toilets,,,,,,,yes,,,,,,,,,,,,,,,,,,,,,,,,,,,,,,,,,,,,,,,,,,,,,,,,,,,,,,,,,,,,
51.4436413,-0.2085566,,Point,node/4567034575,toilets,,,,,,,,,,,,,,,,,,,,,,,,,,,,,,,,,,,,,,,,,,,,,,,,,,,,,,,,,,,,,,,,,,,
51.4497744,-0.2419556,,Point,node/4567035489,toilets,,,,,,,,,,,,,,,,,,,,,,,,,,,,,,,,,,,,,,,,,,,,,,,,,,,,,,,,,,,,,,,,,,,
51.4392309,-0.2457868,,Point,node/4567035490,toilets,,,,,,,,,,,Asda,,customers,,,,,,,,,,,,,,,,,,,,,,,,,,,,,,,,,,,,,,,,,,,,,,,,,,,,,,
51.4408691,-0.2391446,,Point,node/4567035491,toilets,,,,,,,,,cemetery toilets,,,,,,,,,,,,,,,,,,,,,,,,,,,,,,,,,,,,,,,,,,,,,,,,,,,,,,,,,,
51.4314102,-0.1458924,,Point,node/4567035492,toilets,,,,,,,,,,,,,,,,,,,,,,,,,,,,,,,,,,,,,,,,,,,,,,,,,,,,,,,,,,,,,,,,,,,
51.6030786,-0.2632249,,Point,node/4579912550,toilets,,,,,,,,,,,,,yes,,,,,,,,0,,,,,,,,,,,,,,,,,,,,,,,,,,,,,,,,,,,,,,,,,,,,,,
51.5358031,-0.1235315,,Point,node/4579990529,toilets,,,,no,yes,yes,,,,,Waitrose,,customers,,,flush,,,,,0,,,,,,,,,,,,,,,,,,,,,,,,,,,,,,,,,,,,,,,,,,,,,,
51.5240516,-0.1231764,,Point,node/4579990530,toilets,,,,no,designated,,,,,,,,customers,,,,,,,,-2,,,,,,,,,,,,,,,,,,,,,,,,,,,,,,,,,,,,,,,,,,,,,,
51.5414247,-0.0763021,,Point,node/4612002370,toilets,,,,,,,,,,,,,yes,,,,,yes,,,,,,,,,,,,,,,,,,,,,,,,,,,,,,,,,,,,,,,,,,,,,,,,,
51.420709,-0.2047659,,Point,node/4621757869,toilets,,,,,yes,,,,,,,,,,,,,,,,0,,,,,,,,,,,,,,,,,,,,,,,,,,,,,,,,,,,,,,,,,,,,,,
51.5225894,-0.1637331,,Point,node/4628761925,toilets,,,,30p,,,,yes,,,,,customers,,,,,,,,,,,,,,,,,,,,,,,,,,,,,,,,,,,,,,,,,,,,,,,,,,,,,,
51.5941691,-0.1089291,,Point,node/4656901789,toilets,,,,,yes,,,,,,,,,,,,yes,,,,,,,,,,,,,,,,,,,,,,,,,,,,,,,,,,,,,,,,,,,,,,,,,,
51.6306218,-0.1793341,,Point,node/4664432362,toilets,,,,no,,,no,yes,,,,,customers,,,,,,,,,,,,,,,,,,,,,,,,,,,,,,,,,,,,,,,,,,,,,,,,,,,,,,
51.6305819,-0.1790417,,Point,node/4664432363,toilets,,,,no,,,yes,no,,,,,customers,,,,,,,,,,,,,,,,,,,,,,,,,,,,,,,,,,,,,,,,,,,,,,,,,,,,,,
51.5589092,-0.2815796,,Point,node/4697353378,toilets,,,,,,yes,,,,"Mo-Fr 08:30-20:00,Sa-Su 09:00-17:00",,,permissive,,,,,,,,,,,,,,,,,,,,,,,,,,,,,,,,,,,,,,,,,dedicated_room,,,,,,,,,,,,,
51.5033948,-0.0953394,,Point,node/4706665125,toilets,,,,no,,,,,,,,,,,,,,yes,,,,,,,,,,,,,,,,,,,,,,,,,,,,yes,,,,,,,,,,,,,,,,,,,,,
51.6503697,-0.1940091,,Point,node/4706953989,toilets,,,,,,,,,,,,,customers,,,,,,,,,,,,,,,,,,,,,,,,,,,,,,,,,,,,,,,,,,,,,,,,,,,,,,
51.5861807,-0.220031,,Point,node/4720960083,toilets,,,,,,,,,,,,,,,,,,,,,,,,,,,,,,,,,,,,,gps+mapnoter,,,,,,,,,,,,,,,,,,,,,,,,,,,,,,
51.4209287,-0.2046139,,Point,node/4737758545,toilets,,,,,yes,,,,,"Mo-Fr 09:30-19:00; Th 09:30-20:00; Sa 09:00-18:00; Su,PH 11:00-17:00",,,,,,,yes,,,,2,,,,,,,,,,,,,,,,,,,,,,,,,,,,,,,,,,,,,,,,,,,,,,
51.6524435,-0.0908226,,Point,node/4742451106,toilets,,,,,,,,,,,,,,,,,,,,,,,,,,,,,,,,,,,,,,,,,,,,,,,,,,,,,,,,,,,,,,,,,,,
51.4219314,-0.2002116,,Point,node/4799258126,toilets,,,,,,,,,,,,,,,,,,,,,,,,,,,,,,,,,,,,,,,,,,,,,,,,,,,,,,,,,,,,,,,,,,,
51.5068781,-0.0676531,,Point,node/4811523921,toilets,,,,,,,,,,,Waitrose,,,,,,,,,,,,,,,,,,,,,,,,,,,,,,,,,,,,,,,,,,,,,,,,,,,,,,,,
51.5068543,-0.0727647,,Point,node/4815428300,toilets,,,,no,,,,,,,,,yes,,,flush,,,,,,,,,,,,,,,,,,,,,,,,,,,,,,,,,,,,,,,,,,,,,,,,,,,
51.4817591,0.0013783,,Point,node/4838748453,toilets,,,,,,,,,,,,,,,,,,,,,,,,,,,,,,,,,,,,,,,,,,,,,,,,,,,,,,,,,,,,,,,,,,,
51.4461108,-0.0856549,,Point,node/4847771921,toilets,,,,,,,,,,,,,,,,,,,,,,,,,,,,,,,,,,,,,,,,,,,,,,,,,,,,,,,,,,,,,,,,,,,
51.4431274,-0.1520857,,Point,node/4849778022,toilets,,,,,,,,,,,,,,,,,,,,,,,,,,,,,,,,,,,,,,,,,,,,,,,,,,,,,,,,,,,,,,,,,,,
51.5667344,-0.1463356,,Point,node/4851412025,toilets,,,,,,,,,,,,,,,,,,,,,,,,,,,,,,,,,,,,,,,,,,,,,,,,,,,,,,,,,,,,,,,,,,,
51.5667074,-0.1468413,,Point,node/4851421021,toilets,,,,,,,,,,,,,,,,,,,,,,,,,,,,,,,,,,,,,,,,,,,,,,,,,,,,,,,,,,,,,,,,,,,
51.496184,-0.1088642,,Point,node/4863526002,toilets,,,,no,,,,yes,,,,,yes,,,flush,,,,,,,,,,,,,,,,,,,,,,,,,,,,,,,,,,,,,,,,,,,,,,,,,,,
51.4961824,-0.1083251,,Point,node/4863526003,toilets,,,,no,,,yes,,,,,,yes,,,flush,,,,,,,,,,,,,,,,,,,,,,,,,,,,,,,,,,,,,,,,,,,,,,,,,,,
51.4186423,-0.3056176,,Point,node/4902669770,toilets,,,,,,,,,,,,,,,,,,,,,,,,,,,,,,,,,,,,,,,,,,,,,,,,,,,,,,,,,,,,,,,,,,,
51.5043142,-0.0900486,,Point,node/4954395594,toilets,,,,,,,,yes,,,,,customers,,,,,,,,,,,,,,,,,,,,,,,,,,,,,,,,,,,,,,,,,,,,,,,,,,,,,,
51.4899188,-0.2118165,,Point,node/4970696521,toilets,,,,,,,,,,,,,,,,,,,,,,,,,,,,,,,,,,,,,,,,,,,,,,,,,,,,,,,,,,,,,,,,,,,
51.5387013,0.0212274,,Point,node/4974949722,toilets,,,,,yes,,,,,,,,yes,,,,,,,,,,,,,,,,,,,,,,,,,,,,,,,,,,,,,,,,,,,,,,,,,,,,,,
51.6055074,-0.1848349,,Point,node/5023986922,toilets,,,,,,,,,,,,,,,,,,,,,,,,,,,,,,,,,,,,,,,,,,,,,,,,,,,,,,,,,,,,,,,,,,,
51.5127644,-0.3023976,,Point,node/5037491463,toilets,,,,no,designated,yes,,,,,,,yes,,,,,,,,0,,,,,,,,,,,,,,,,,,,,,,,,,,,,,,,,,,,,,,,,,,,,,,
51.5126904,-0.302394,,Point,node/5037491489,toilets,,,,no,yes,,,,,,,,yes,,,,,,,,1,,,,,,,,,,,,,,,,,,,,,,,,,,,,,,,,,,,,,,,,,,,,,,
51.601055,-0.1926495,,Point,node/5061630776,toilets,,,,no,,,,,,,London Underground,,customers,,,,,,,,-1,,,,,,,,,,,,,,,,,,,,,,,,,,,,,,,,,,,,,,,,,,,,,,
51.5409112,0.2149637,,Point,node/5078803318,toilets,,,,,,,,,,,,,,,,,,,,,,,,,,,,,,,,,,,,,,,,,,,,,,,,,,,,,,,,,,,,,,,,,,,
51.4708912,0.076605,,Point,node/5082630954,toilets,,,,no,,no,yes,,,,,,private,,,chemical,,,,,,,,,,,,,,,,,,,,,,,,,,,,,,,,,,,,,,,,,,,,,,,,,,,
51.3216712,-0.2022389,,Point,node/5092782340,toilets,,,,,,,,,,,,,,,,,,,,,,,,,,,,,,,,,,,,,,,,,,,,,,,,,,,,,,,,,,,,,,,,,,,
51.562466,-0.3515925,,Point,node/5101927589,toilets,,,,,,,,,,,,,,,,,,,,,,,,,,,,,,,,,,,,,,,,,,,,,,,,,,,,,,,,,,,,,,,,,,,
51.4947197,-0.1828038,,Point,node/5109300712,toilets,,,,yes,,,,,,,,,yes,,,,,,,,,,,,,,,,,,,,,,,,,,,,,,,,,,,,,,,,,,,,,,,,,,,,,,
51.532504,-0.1273606,,Point,node/5149207432,toilets,,,"in the corner beyond boots, disabled loo is in slightly different place",,,,,,,,,,,,,,,,,,0,,,,,,,,,,,,,,,,survey,,,,,,,,,yes,,,,,,,,,both,,,,,,,,,,,,
51.4994992,-0.1191955,,Point,node/5184195871,toilets,,,,,,,,,,,,,yes,,,,,,,,,,,,,,,,,,,,,,,,,,,,,,,,,,,,,,,,,,,,,,,,,,,,,,
51.3669068,-0.0024819,,Point,node/5221290060,toilets,,,,,,,,,,,,,,,,,,,,,,,,,,,,,,,,,,,,,,,,,,,,,,,,,,,,,,,,,,,,,,,,,,,
51.5854209,-0.0542886,,Point,node/5222968781,toilets,,,,,yes,,,,,,,,,,,,,,,,,,,,,,,,,,,,,,,,,,,,,,,,,,,,,,,,,,,,,,,,,,,,,,
51.5854176,-0.0541008,,Point,node/5222968784,toilets,,,,,no,,,,,,,,,,,,,,,,,,,,,,,,,,,,,,,,,,,,,,,,,,,,,,,,,,,,,,,,,,,,,,
51.3761761,-0.09298,,Point,node/5223718252,toilets,,,,,,,,,,,,,,,,,,,,"On platform 2, outside waiting room. RADAR Key, but toilet not yet checked.",,,"locate more exactly on platform 2, in relation to cafe.",,,,,,,,,,,,,,,,,,,,,,,,,,,,,,,,,,,,,,,,,,,,
51.5089832,-0.187824,,Point,node/5229697621,toilets,,,,,,,,,,,,,yes,,,flush,,yes,,,,,,,,,,,,,,,Children's Toilet ,,,,,,,,,,,,,,,,,,,,,,,,,,,,,,,,,,
51.3562928,-0.4640302,,Point,node/5235997585,toilets,,,,,yes,,,,Bus Museum,,,,,,,,,,,"At far corner from entrance to Bus building, behind trolleybus. Building has ramped entrance, wide aisles and level floor.",,,,,,,,,,,,,,,,,,,,,,,,,,,,,,,,,,,,,,,,,,,,,,,
51.3550952,-0.4646471,,Point,node/5235997587,toilets,,,,,yes,,,,Vickers Building,,,,,,,,yes,,,Entrance opposite Vimy Pavilion,,,,,,,,,,,,,,,,,,,,,,,,,,,,,,,,,,,,,,,,,,,,,,,
51.3541957,-0.4653847,,Point,node/5235997588,toilets,,,,,yes,,,,Jackson Shed,,,,,,,,yes,,,Signposted entrance has narrow doorway. Wider access through Grand Prix exhibition area (via exit or entrance).,,,,,,,,,,,,,,,,,,,,,,,,,,,,,,,,,,,,,,,,,,,,,,,
51.3545341,-0.464336,,Point,node/5235997590,toilets,,,,,,,,,,,,,,,,,,,,,,,,,,,,,,,,,,,,,,,,,,,,,,,,,,,,,,,,,,,,,,,,,,,
51.3758825,-0.0142209,,Point,node/5260192173,toilets,,,,,,,,,,,,,,,,,,,,,,,,,,,,,,,,,,,,,,,,,,,,,,,,,,,,,,,,,,,,,,,,,,,
51.4621493,-0.0125573,,Point,node/5261647721,toilets,,,,no,yes,yes,,,,,,,,,,,yes,,,Unisex Accessible toilets via RADAR key as well as (?inaccessible for wheelchair users) separate ladies / gents. NO Changing Places toilet.,,,,,,,,,,,,Molesworth Street Lewisham,,,,,,,,,,,,,,,,,,,,,,,,yes,,,,,,,,,,,
51.5312595,-0.1245645,,Point,node/5262929022,toilets,,,,yes,,,yes,yes,,,,,,,,,,,,,1,,,,,,,,,,,,,,,,,,,,,,,,,,,,,,,,,,,,,,,,,,,,,,
51.5258272,-0.0878417,,Point,node/5277698895,toilets,,,,,,,,,,,,-1,yes,,,,,,,,,,,,,,,,,,,,,,,,,,,,,,,,,,,,,,,,,,,,,,,,,,,,,,
51.5059262,-0.1320697,,Point,node/5296052589,toilets,,,,,,,,,,,,,,,,,,,,,,,,,,,,,,,,,,,,,,,,,,,,,,,,,,,,,,,,,,,,,,,,,,,
51.5077721,-0.109912,,Point,node/5300643105,toilets,,,,,yes,,,,,,,,,,,,,,,,,,,,,,,,,,,,,,,,,,,,,,,,,,,,,,,,,,,,,,,,,,,,,,
51.5082516,-0.1092228,,Point,node/5304712302,toilets,,,,,,,,,First Floor In Between Shops,,,,,,,,,,,,,,,,,,,,,,,,,,,,,,,,,,,,,,,,,,,,,,,,,,,,,,,,,,
51.5051488,-0.0220934,,Point,node/5313673129,toilets,,,,,,,,,,,,,,,,,,,,,0,,,,,,,,,,,,,,,,,,,,,,,,,,,,,,,,,,,,-1,,,,,,,,,,
51.4701865,-0.4504312,,Point,node/5349696328,toilets,,,,,,,,,,,,,,,,,,,,,5,,,,,,,,,,,,,,,,,,,,,,,,,,,,,,,,,,,,,,,,,,,,,,
51.61787,-0.1854819,,Point,node/5382831954,toilets,,,,no,no,no,,,,,,,customers,,,flush,,yes,,,,,,,,,,,,,,,,,,,,,,,,,,,,,,,,,,,,,,,,,,,,,,,,,
51.5646628,-0.0238435,,Point,node/5405291324,toilets,,,"toilets happen to be upstairs, but are open to the public",no,no,,,,,,Kukoolala Cafe,,,,,,,yes,,,1,,,,,,,,,,,,,,,,,,,,,,,,,,,,,,,,,,,,,,,,,,,,,,
51.5464437,-0.0740211,,Point,node/5438701444,toilets,,,,no,yes,no,,,,,,,permissive,,,flush,no,yes,,,,,,,,,,,,,,,,,,no,,,,,,,,,,,,yes,,,,,,,,,,3,yes,,,,,,,,
51.5464559,-0.0740801,,Point,node/5502892901,toilets,,,,no,,,,,,,,,permissive,,,flush,yes,yes,,,,,,,,,,,,,,,,,,,,,,,,,,,,,,,,,,,,,,,,1,yes,no,,,,,,,
51.5359146,-0.2109713,,Point,node/5503897889,toilets,,,,,,,,,,,,,customers,,,flush,,yes,,,,,,,,,,,,,,,,,,,,,,,,,,,,,,,,,,,,,,,,,,,,,,,,,
51.5970831,0.0317576,,Point,node/5535361621,toilets,,,,no,,no,,,,,,,no,,,,,yes,,,,,,,,,,,,,,,,,,,,,,,,,,,,,,,,,,,,,,,,,,,,,,,,,
51.4633918,-0.3014611,,Point,node/5539667077,toilets,,,,,,,,yes,,,,,,,,,,,,,0,,,,,,,,,,,,,,,,,,,,,,,,,,,,,,,,,,,,,,,,,,,,,,
51.463388,-0.3015154,,Point,node/5539667078,toilets,,,,,,,yes,,,,,,,,,,,,,,0,,,,,,,,,,,,,,,,,,,,,,,,,,,,,,,,,,,,,,,,,,,,,,
51.4633905,-0.3014874,,Point,node/5539667079,toilets,,,,,yes,,,,,,,,,,,,,yes,,,0,,,,,,,,,,,,,,,,,,,,,,,,,,,,,,,,,,,,,,,,,,,,,,
51.59021,-0.1425277,,Point,node/5551893121,toilets,,,,,,,,,,Mo-Su 09:00-18:00,Harringey council,,,,,,,,,,,,,,,,,,,,,,,,,,,,,,,,,,,,,,,,,,,,,,,,,,,,,,,,
51.5042057,-0.1084676,,Point,node/5573989327,toilets,,,,,,,,yes,,,,,,,,,,,,,,,,,,,,,,,,,,,,,,,,,,,,,,,,,,,,,,,,,,,,,,,,,,,
51.5041792,-0.1084162,,Point,node/5573989328,toilets,,,,,,,yes,,,,,,,,,,,,,,,,,,,,,,,,,,,,,,,,,,,,,,,,,,,,,,,,,,,,,,,,,,,,
51.4821817,-0.296267,,Point,node/5584749375,toilets,,,,,,,,,,,,,,,,,,,,,,,,,,,,,,,,,,,,,,,,,,,,,,,,,,,,,,,,,,,,,,,,,,,
51.3799348,-0.3526893,,Point,node/5679385378,toilets,,,"Only marked ""this facility is open when the station is staffed""",,,,,,,,,,,,,,,,,,,,,,,,,,,,,,,,,,,,,,,,,,,,,,,,,,,,,,,,,,,,,,,,
51.3294445,-0.4121466,,Point,node/5679807381,toilets,,,,yes,,,,,,,,,,,,,,,,,,,,,,,,,,,,,,,,,,,,,,,,,,,,,,,,,,,,,,,,,,,,,,,
51.3267674,-0.4442965,,Point,node/5680159422,toilets,,,,,,,,,Gothic Tower,,,,,,,,,,,,0,,,,,,,,,,,,,,,,,,,,,,,,,,,,,,,,,,,,,,,,,,,,,,
51.3303762,-0.4215883,,Point,node/5680159515,toilets,,,,,,,,,,,,,customers,,,,,,,,,,,,,,,,,,,,,,,,,,,,,,,,,,,,,,,,,,,,,,,,,,,,,,
51.5876901,0.0805672,,Point,node/5684579965,toilets,,,,no,,,,,,,,,,,,,,,,,,,,,,,,,,,,,,,,,,,,,,,,,,,,,,,,,,,,,,,,,,,,,,,
51.4503028,-0.0605383,,Point,node/5695146921,toilets,,,,,,,,,,,,,,,,,,,,,,,,,,,,,,,,,,,,,,,,,,,,,,,,,,,,,,,,,,,,,,,,,,,
51.5393228,0.03078,,Point,node/5718576950,toilets,,,,,,,,,,,,,,,,,,,,,,,,,,,,,,,,,,,,,,,,,,,,,,,,,,,,,,,,,,,,,,,,,,,
51.5047878,-0.0855069,,Point,node/5760381483,toilets,,,,,,,,,,,,,,,,,,,,,0,,,,,,,,,,,,,,,,,,,,,,,,,,,,,,,,,,,,,,,,,,,,,,
51.3085414,-0.079548,,Point,node/5769092053,toilets,,,,,,,,,,,Tandridge District Council,,,,,,,,,,,,,,,,,,,,,,,,,,,,,,,,,,,,,,,,,,,,,,,,,,,,,,,,
51.4038536,-0.2475273,,Point,node/5786854596,toilets,,,,,,,,,,,,,,,,,,,,,,,,,,,,,,,,,,,,,,,,,,,,,,,,,,,,,,,,,,,,,,,,,,,
51.3213851,-0.412701,,Point,node/5825154022,toilets,,,,,,,,,,,,,,,,,,,,,,,,,,,,,,,,,,,,,,,,,,,,,,,,,,,,,,,,,,,,,,,,,,,
51.544059,-0.0075914,,Point,node/5828020109,toilets,,,,,,,,,,,,,,,,,,,,,1,,,,,,,,,,,,,,,,,,,,,,,,,,,,,,,,,,,,,,,,,,,,,,
51.542978,-0.0066061,,Point,node/5828020154,toilets,,,,,,,,,,,,,,,,,,,,,1,,,,,,,,,,,,,,,,,,,,,,,,,,,,,,,,,,,,,,,,,,,,,,
51.5440258,-0.0073888,,Point,node/5828118109,toilets,,,,,,,,,,,,,,,,,,,,,0,,,,,,,,,,,,,,,,,,,,,,,,,,,,,,,,,,,,,,,,,,,,,,
51.375117,-0.0940896,,Point,node/5832201258,toilets,,,,,,,,yes,,,,,,,,,,,,,1,,,Croydon,Boxpark Croydon,CR0 1LD,,,,,,George Street,,,,,,,,,,,,,,yes,99,,,,,,,,,,,,,,75,,,,,,
51.3752407,-0.0936356,,Point,node/5832201259,toilets,,,,,,,yes,,,,,,,,,,,,,,1,,,Croydon,Boxpark Croydon,CR0 1LD,,,,,,George Street,,,,,,,,,,,,,,yes,99,,,,,,,,,,,,,,76,,,,,,
51.3751809,-0.0935881,,Point,node/5832675301,toilets,,,,,,,yes,,,,,,,,,,,,,,,,,Croydon,Boxpark Croydon,CR0 1LD,,,,,,George Street,,,,,,,,,,,,,,yes,99,,,,,,,,,,,,,,73,,,,,,
51.375186,-0.0935546,,Point,node/5832675302,toilets,,,,,,,,yes,,,,,,,,,,,,,,,,Croydon,Boxpark Croydon,CR0 1LD,,,,,,George Street,,,,,,,,,,,,,,yes,99,,,,,,,,,,,,,,74,,,,,,
51.5097401,-0.1401405,,Point,node/5834430785,toilets,,,,,,,,,,,Royal Academy,,,,,,,,,,,,,,,,,,,,,,,,,,,,,,,,,,,,,,,,,,,,,,,,,,,,,,,,
51.5598328,-0.2367323,,Point,node/5836474312,toilets,,,,no,,yes,,,,,,,yes,,,flush,,yes,,,,,,,,,,,,,,,,,,,,,,,,,,,,,,,,,,,,,,,,,,,,,,,,,
51.5041545,0.0460568,,Point,node/5853212687,toilets,,,,,,,,,,,,,,,,,,,,,,,,,,,,,,,,,,,,,,,,,,,,,,,,,,,,,,,,,,,,,,,,,,,
51.504115,0.0472049,,Point,node/5853212688,toilets,,,,,,,,,,,,,,,,,,,,,,,,,,,,,,,,,,,,,,,,,,,,,,,,,,,,,,,,,,,,,,,,,,,
51.5040807,0.048369,,Point,node/5853220194,toilets,,,,,,,,,,,,,,,,,,,,,,,,,,,,,,,,,,,,,,,,,,,,,,,,,,,,,,,,,,,,,,,,,,,
51.5042215,0.0451993,,Point,node/5853230885,toilets,,,,,,,,,,,,,,,,,,,,,,,,,,,,,,,,,,,,,,,,,,,,,,,,,,,,,,,,,,,,,,,,,,,
51.474243,-0.2956595,,Point,node/5862311594,toilets,,,accessed via spiral staircase,no,no,,yes,yes,,,,-1,yes,,,,,,,,,,,,,,,,,,,,,,,,,,,,,,,,,,,,,,,,,,,,,,,,,,,,,,
51.4834793,-0.1473767,,Point,node/5885044836,toilets,,,,,,,,,,,,,,,,,,,,,,,,,,,,,,,,,,,,,,,,,,,,,,,,,,,,,,,,,,,,,,,,,,,
51.3544005,-0.4642236,,Point,node/5909432502,toilets,,,,,,,,,RADAR key,,,,,,,,,,,,,,,,,,,,,,,,,,,,,,,,,,,,,,,,,,,,,,,,,,,,,,,,,,
51.3177567,-0.3077317,,Point,node/5913516206,toilets,,,,,,,,,,,,,,,,,,,,,,,,,,,,,,,,,,,,,,,,,,,,,,,,,,,,,,,,,,,,,,,,,,,
51.4503848,-0.3291003,,Point,node/5991546633,toilets,,,,no,,,,yes,,Mo-Sa 06:30-20:30; Su 08:30-18:30,SW Trains,,customers,,,,,,,,,,,,,,,,,,,,,,,,,,,,,,,,,,,,,,,,,,,,,,,,,,,,,,
51.4502479,-0.3294566,,Point,node/5998153232,toilets,,,,no,yes,,yes,yes,,,SW Trains,,customers,,,,,,,,,,,,,,,,,,,,,,,,,,,,,,,,,,,,,,,,,,,,,,,,,,,,,,
51.4503459,-0.3292076,,Point,node/5998153233,toilets,,,,no,,,yes,,,Mo-Sa 06:30-20:30; Su 08:30-18:30,SW Trains,,customers,,,,,,,,,,,,,,,,,,,,,,,,,,,,,,,,,,,,,,,,,,,,,,,,,,,,,,
51.5072549,-0.0758363,,Point,node/6018047359,toilets,,,,,,,,,,,,,,,,,,,,,,,,,,,,,,,,,,,,,,,,,,,,,,,,,,,,,,,,,,,,,,,,,,,
51.3111061,-0.0768645,,Point,node/6018774285,toilets,,,,,,,,,,,,,,,,,,,,,,,,,,,,,,,,,,,,,,,,,,,,,,,,,,,,,,,,,,,,,,,,,,,
51.3763579,-0.1307348,,Point,node/6022819586,toilets,,,,,,,,,,,,,,,,,,,,,,,,,,,,,,,,,,,,,,,,,,,,,,,,,,,,,,,,,,,,,,,,,,,
51.56215,-0.0211095,,Point,node/6037730267,toilets,,,,,,,,,,,,,,,,,,,,,,,,,,,,,,,,,,,,,,,,,,,,,,,,,,,,,,,,,,,,,,,,,,,
51.5187293,-0.1569147,,Point,node/6050565987,toilets,,,,,,,,,,,,,yes,,,,,,,,,,,,,,,,,,,,,,,,,,,,,,,,,,,,,,,,,,,,,,,,,,,,,,
51.6011717,-0.2096723,,Point,node/6058547448,toilets,,,,no,yes,,,,,,,,,,,,,,,,,,,,,,,,,,,,,,,,,,,,,,,,,,,,,,,,,,,,,,,,,,,,,,
51.4699279,-0.4492701,,Point,node/6083188694,toilets,,,,,,,,,,,,,,,,,,,,,5,,,,,,,,,,,,,,,,,,,,,,,,,,,,,,yes,,,,,,,,,,,,,,,,
51.4697312,-0.449134,,Point,node/6083767639,toilets,,,,,,,,,,,,,,,,,,,,,4,,,,,,,,,,,,,,,,,,,,,,,,,,,,,,,,,,,,,,,,,,,,,,
51.4691851,-0.4487454,,Point,node/6083767651,toilets,,,,,,,,,,,,,,,,,,,,,4,,,,,,,,,,,,,,,,,,,,,,,,,,,,,,,,,,,,,,,,,,,,,,
51.335515,-0.1703,,Point,node/6115440849,toilets,,,,,,,,,,,,,,,,,,,,,,,,,,,,,,,,,,,,,,,,,,,,,,,,,,,,,,,,,,,,,,,,,,,
51.395926,-0.060359,,Point,node/6124886086,toilets,,,check web site for opening times,no,yes,,,,,,,,yes,,,flush,yes,yes,,,,key,,,,,,,,,,,,,,,,,,,,,,,,,,,,,,,,,,,,,,,,,,,,,
51.4654542,-0.2676275,,Point,node/6150633869,toilets,,,,,,,,,,,,,,,,,,,,,,,,,,,,,,,,,,,,,,,,,,,,,,,,,,,,,,,,,,,,,,,,,,,
51.3344427,-0.2695001,,Point,node/6186367342,toilets,,,,,yes,,,,,,,,yes,,,flush,yes,,,,,,,,,,,,,,,,,,,,,,,,,,,,,,,,,,,,,,,,,,,,,,,,,,
51.3343054,-0.2693869,,Point,node/6186367347,toilets,,,,,,,,,,,,,,,,flush,,,,,,,,,,,,,,,,,,,,,,,,,,,,,,,,,,,,,,,,,,,,,,,,,,,
51.3345856,-0.2529279,,Point,node/6186598980,toilets,,,,,,no,,,,,,,,,,flush,,,,,,,,,,,,,,,,,,,,,,,,,,,,,,,,,,,,,,,,,,,,,,,,,,,
51.6085952,0.1937959,,Point,node/6187763335,toilets,,,,,,,,,,,,,,,,,,,,,,,,,,,,,,,,,,,,,,,,,,,,,,,,,,,,,,,,,,,,,,,,,,,
51.3415491,-0.2571547,,Point,node/6188554884,toilets,,,,,yes,,,,,,,,,,,flush,,,,,,,,,,,,,,,,,,,,,,,,,,,,,,,,,,,,,,,,,,,,,,,,,,,
51.3321339,-0.2694278,,Point,node/6190560275,toilets,,,,,yes,,,,Ashley Centre Toilets,,,,yes,,,flush,yes,,same,,,,,,,,,,,,,,,,,,,,,,,,,,,,,,,,,,,,,,,,,,,,,,,,
51.5179223,-0.1070343,,Point,node/6247813743,toilets,,,,,,,,,,,,,,,,,,,,,,,,,,,,,,,,,,,,,,,,,,,,,,,,,,,,,,,,,,,,,,,,,,,
51.511436,-0.123422,,Point,node/6256910047,toilets,,,,,no,,,yes,,,,,,,,,,,,,,,,,,,,,,,,,,,,,,,,,,,,,,,,,,,,,,,,,,,,,,,,,,,
51.5114861,-0.123479,,Point,node/6256910048,toilets,,,,,no,,yes,,,,,,,,,,,,,,,,,,,,,,,,,,,,,,,,,,,,,,,,,,,,,,,,,,,,,,,,,,,,
51.5109363,-0.118206,,Point,node/6259748096,toilets,,,,,,,,,,,,,,,,,,,,,,,,,,,,,,,,,,,,,,,,,,,,,,,,,,,,,,,,,,,,,,,,,,,
51.3259528,-0.273404,,Point,node/6267008784,toilets,,,,,,,,,,,,,,,,,,,,,,,,,,,,,,,,,,,,,,,,,,,,,,,,,,,,,,,,,,,,,,,,,,,
51.5143385,0.0084545,,Point,node/6286377572,toilets,,,,,yes,no,,,,Mo-Sa 07:00-21:00; Su 09:00-16:00; PH 09:00-16:00,,,customers,,,flush,,yes,,,,,,,,,,,,,,,,,,,,,,,,,,,,,,,,,,,,,,,,,,,,,,,,,
51.5140865,0.0087151,,Point,node/6286377573,toilets,,,,,,yes,,,,,,,customers,,,,,,,,,,,,,,,,,,,,,,,,,,,,,,,,,,,,,,,,,,,,,,,,,,,,,,
51.325089,-0.2733785,,Point,node/6306815704,toilets,,,,,,,,,,,,,,,,,,,,,,,,,,,,,,,,,,,,,,,,,,,,,,,,,,,,,,,,,,,,,,,,,,,
51.3251095,-0.2725141,,Point,node/6306815705,toilets,,,,,,,,,,,,,,,,,,,,,,,,,,,,,,,,,,,,,,,,,,,,,,,,,,,,,,,,,,,,,,,,,,,
51.4412139,-0.4527531,,Point,node/6343022013,toilets,,,,no,yes,yes,,,,,,,,,,flush,,,,,,,,,,,,,,,,,,,,,,,,,,,,,,,,,,,,,,,,,,,,,,,,,,,
51.5284709,-0.1326286,,Point,node/6380360270,toilets,,,,no,yes,,,,,,,,yes,,,,,,,,0,,,,,,,,,,,,"Toilets opposite mainline platform 3, on main concourse level, and outside the ticket line. These are specificcally for disabled/wheelchair users.",,,,,,,,,,,,,,,,,,,,,,,,,,,,,,,,,,
51.4483965,-0.0080051,,Point,node/6423249000,toilets,,,,no,yes,,,,,,,,,,,flush,,yes,,,,,,,,,,,,,,,,,,,,,,,,,,,,,,,,,,seated,,,,,,,,,,,,,,,
51.4483739,-0.0080044,,Point,node/6423249001,toilets,,,,no,yes,,,,,,,,,,,flush,,yes,,,,,,,,,,,,,,,,,,,,,,,,,,,,,,,,,,seated,,,,,,,,,,,,,,,
51.5081354,-0.0951132,,Point,node/6438528685,toilets,,,,,,,,,,,,,,,,,,,,,,,,,,,,,,,,,,,,,,,,,,,,,,,,,,,,,,,,,,,,,,,,,,,
51.4711935,-0.4522345,,Point,node/6448615485,toilets,,,,,,,,,,,,,,,,,,,,,,,,,,,,,,,,,,,,,,,,,,,,,,,,,,,,,,,,,,,,,,,,,,,
51.3558632,-0.2143231,,Point,node/6456440095,toilets,,,,,,,,,,Mo-Fr 06:00-13:30; Sa 06:30-13:30; Su 08:30-14:30,,,,,,,,,,,,,,,,,,,,,,,,,,,,,,,,,,,,,,,,,,,,,,,,,,,,,,,,,
51.46927,-0.4480411,,Point,node/6468153251,toilets,,,,,designated,,,,,,,,,,,,,,,,4,,,,,,,,,,,,,,,,,,,,,,,,,,,,,,,,,,,,,,,,,,,,,,
51.5194376,-0.1320006,,Point,node/6476447386,toilets,,,,,,,,,,,,,,,,,,,,,,,,,,,,,,,,,,,,,,,,,,,,,,,,,,,,,,,,,,,,,,,,,,,
51.5165109,-0.1266753,,Point,node/6478668385,toilets,,,,,,,,,,,,,,,,,,,,,,,,,,,,,,,,,,,,,,,,,,,,,,,,,,,,,,,,,,,,,,,,,,,
51.5155804,-0.1269117,,Point,node/6479019785,toilets,,,,,,,,,,,,,,,,,,,,,,,,,,,,,,,,,,,,,,,,,,,,,,,,,,,,,,,,,,,,,,,,,,,
51.5426781,-0.1489344,,Point,node/6488376485,toilets,,,,,,,,,,,,,,,,,,,,,,,,,,,,,,,,,,,,,,,,,,,,,,,,,,,,,,,,,,,,,,,,,,,
51.4013261,-0.3083502,,Point,node/6489248277,toilets,,,,,,,,,,,,,,,,,,,,,,,,,,,,,,,,,,,,,,,,,,,,,,,,,,,,,,,,,,,,,,,,,,,
51.647847,-0.186326,,Point,node/6491202829,toilets,,,,,,,yes,,,,,,,,,,,,,,,,,,,,,,,,,,,,,,,,,,,,,,,,,,,,,,,,,,,,,,,,,,,,
51.6478937,-0.1862692,,Point,node/6491202830,toilets,,,,,,,,yes,,,,,,,,,,,,,,,,,,,,,,,,,,,,,,,,,,,,,,,,,,,,,,,,,,,,,,,,,,,
51.4893964,0.0161368,,Point,node/6504290089,toilets,,,,,,,,,,,,,,,,,,,,,,,,,,,,,,,,,,,,,,,,,,,,,,,,,,,,,,,,,,,,,,,,,,,
51.4979222,-0.2104424,,Point,node/6515180156,toilets,,,,,,,,,,,,,,,,,,,,,,,,,,,,,,,,,,,,,,,,,,,,,,,,,,,,,,,,,,,,,,,,,,,
51.4627125,-0.1117103,,Point,node/6516189584,toilets,,,,,,,,,,,,,,,,,,,,,,,,,,,,,,,,,,,,,,,,,,,,,,,,,,,,,,,,,,,,,,,,,,,
51.4494639,-0.1089491,,Point,node/6516593059,toilets,,,,,,,,,,,,,,,,,,,,,,,,,,,,,,,,,,,,,,,,,,,,,,,,,,,,,,,,,,,,,,,,,,,
51.4637314,-0.1123229,,Point,node/6516857902,toilets,,,,,,,,,,,,,,,,,,,,,,,,,,,,,,,,,,,,,,,,,,,,,,,,,,,,,,,,,,,,,,,,,,,
51.4950024,-0.0545799,,Point,node/6518234248,toilets,,,,,,,,,,,,,,,,,,,,,,,,,,,,,,,,,,,,,,,,,,,,,,,,,,,,,,,,,,,,,,,,,,,
51.5427046,-0.1724515,,Point,node/6533516565,toilets,,,,,yes,,,,,,,,,,,,,yes,,,0,,,,,,,,,,,,,,,,,,,,,,,,,,,,,,,,,,,,,,,,,,,,,,
51.4679829,-0.2467934,,Point,node/6546219301,toilets,,,,,,,,yes,,,,,yes,,,,,,,,,,,,,,,,,,,,,,,,,,,,,,,,,,,,,,,,,,,,,,,,,,,,,,
51.4680728,-0.2466516,,Point,node/6546219302,toilets,,,,,yes,,yes,,,,,,yes,,,,,,,,,,,,,,,,,,,,,,,,,,,,,,,,,,,,,,,,,,,,,,,,,,,,,,
51.4881478,-0.2114458,,Point,node/6560160725,toilets,,,,,,,,,,,,,,,,,,,,,,,,,,,,,,,,,,,,,,,,,,,,,,,,,,,,,,,,,,,,,,,,,,,
51.4879324,-0.212583,,Point,node/6560160741,toilets,,,,,,,,,,,,,,,,,,,,,,,,,,,,,,,,,,,,,,,,,,,,,,,,,,,,,,,,,,,,,,,,,,,
51.5316631,-0.1261765,,Point,node/6561669264,toilets,,,,,,,,,,,,,,,,,,,,,0,,,,,,,,,,,,,,,,,,,,,,,,,,,,,,,,,,,,,,,,,,,,,,
51.4353541,-0.1449165,,Point,node/6568064192,toilets,,,,,,,,,,,,,,,,,,,,,,,,,,,,,,,,,,,,,,,,,,,,,,,,,,,,,,,,,,,,,,,,,,,
51.5054891,-0.0894683,,Point,node/6598856043,toilets,,,,no,yes,,yes,yes,,,,,yes,,,,,,,,,,,,,,,,,,,,,,,,,,,,,,,,,,,,,,,,,,,,,,,,,,,,,,
51.4185604,-0.0187327,,Point,node/6600832805,toilets,,,,,,,,,,,Copeland Park & Bussey Building,,,,,,,,,,,,,,,,,,,,,,,,,,,,,,,,,,,,,,,,,,,,,,,,,,,,,,,,
51.4788247,-0.3135414,,Point,node/6600986785,toilets,,,,,,,,,,,,,,,,,,,,,,,,,,,,,,,,,,,,,,,,,,,,,,,,,,,,,,,,,,,,,,,,,,,
51.3848609,-0.4214334,,Point,node/6604788931,toilets,,,,,yes,yes,,,,,,,yes,,,flush,,yes,,,,,,,,,,,,,,,,,,,,,,,,,,,,,,,,,,,,,,,,,,,,,,,,,
51.5109371,-0.0137926,,Point,node/6618806819,toilets,,,,,,,,,,,Poplar Public Baths,,,,,,,,,,,,,,,,,,,,,,,,,,,,,,,,,,,,,,,,,,,,,,,,,,,,,,,,
51.5115381,-0.0144884,,Point,node/6618806823,toilets,,,,,,,,,,,Idea Store,,,,,,,,,,,,,,,,,,,,,,,,,,,,,,,,,,,,,,,,,,,,,,,,,,,,,,,,
51.4196013,-0.0177401,,Point,node/6634154541,toilets,,,,,,,,,,,,,,,,,,,,,,,,,,,,,,,,,,,,,,,,,,,,,,,,,,,,,,,,,,,,,,,,,,,
51.5046924,-0.1750974,,Point,node/6684935288,toilets,,,,,,,,,,,,,,,,,,,,,,,,,,,,,,,,,,,,,,,,,,,,,,,,,,,,,,,,,,,,,,,,,,,
51.5048526,-0.2184577,,Point,node/6744402820,toilets,,,,yes,,,,,,,,,,,,,,,,,,,,,,,,,,,,,,,,,,,,,,,,,,,,,,,,,,,,,,,,,,,,,,,
51.4797592,-0.151133,,Point,node/6749369683,toilets,,,,,,,,,,,,,,,,,,,,,,,,,,,,,,,,,,,,,,,,,,,,,,,,,,,,,,,,,,,,,,,,,,,
51.41986,-0.0152028,,Point,node/6760744253,toilets,,,,,limited,,,,,,,,customers,,,chemical,,,,,,,,,,,,,,,,,,,,,,,,,,,,,,,,,,,,,,,,,,,,,,,,,,,
51.4770458,-0.2851493,,Point,node/6782229094,toilets,,,,,,,,,,,,,customers,,,,,,,,,,,,,,,,,,,,,,,,,,,,,,,,,,,,,,,,,,,,,,,,,,,,,,
51.4593817,-0.2598038,,Point,node/6787693511,toilets,,,,,yes,yes,,,,,,,customers,,,flush,,yes,,,,,,,,,,,,,,,,,,,,,,,,,,,,,,,,,,,,,,,,,,,,,,,,,
51.5011353,-0.1380452,,Point,node/6795663398,toilets,,,,,,,yes,yes,,,,,,,,,,,,,,,,,,,,,,,,,,,,yes,,,,,,,,,,,,,,,,,,,,,,,,,,only,,,,,
51.4063153,-0.3395236,,Point,node/6797069046,toilets,,,,,,,,,,,,,customers,,,,,,,,,,,,,,,,,,,,,,,,,,,,,,,,,,,,,,,,,,,,,,,,,,,,,,
51.486217,-0.1234805,,Point,node/6842041287,toilets,,,Urinal only,,no,,,,,24/7,,,,,,,,,,,,,,,,,,,,,,,,,,,,,,,,,,,,,,,,,,urinal,,,,,,,,,,,,,,,
51.3529877,0.1907402,,Point,node/6880436588,toilets,,,,,,,,,,,,,,,,,,,,,,,,,,,,,,,,,,,,,,,,,,,,,,,,,,,,,,,,,,,,,,,,,,,
51.4937141,0.2180406,,Point,node/6925008198,toilets,,,,,yes,,,,,,,,,,,,,,,,,,,,,,,,,,,,,,,,,,,,,,,,,,,,,,,,,,,,,,,,,,,,,,
51.4924583,-0.1483346,,Point,node/6946467435,toilets,,,,,,,,,,,,,,,,,,,,,,,,,,,,,,,,,,,,,,,,,,,,,,,,,,,,,,,,,,,,,,,,,,,
51.4301841,0.0231174,,Point,node/6959895820,toilets,,,,no,,,,,,,,,,,,,,,,,,,,,,,,,,,,,,,,,,,,,,,,,,,,,,,,,,,,,,,,,,,,,,,
51.4300689,0.0229508,,Point,node/6959895821,toilets,,,,,,,,,,,,,,,,,,,,,,,,,,,,,,,,,,,,,,,,,,,,,,,,,,,,,,,,,,,,,,,,,,,
51.4544431,0.2468853,,Point,node/7014037680,toilets,,,,no,,,,,,,,,customers,,,flush,,yes,,,,,,,,,,,,,,,,,,,,,,,,,,,,,,,,,,,,,,,,,,,,,,,,,
51.4478145,-0.4109048,,Point,node/7043270857,toilets,,,,,,,,,,,,,,,,,,,,,,,,,,,,,,,,,,,,,,,,,,,,,,,,,,,,,,,,,,,,,,,,,,,
51.5097936,-0.2216424,,Point,node/7103058435,toilets,,,,,,,,,,,,,yes,,,flush,,,,,1,,,,,,,,,,,,,,,,,,,,,,,,,,,,,,,,,,,,,,,,,,,,,,
51.3879673,-0.3433658,,Point,node/7141598070,toilets,,,,,,,,,,,,,,,,,,,,,,,,,,,,,,,,,,,,,,,,,,,,,,,,,,,,,,,,,,,,,,,,,,,
51.388056,-0.3438942,,Point,node/7141598071,toilets,,,,,,,,,,,,,,,,,,,,,,,,,,,,,,,,,,,,,,,,,,,,,,,,,,,,,,,,,,,,,,,,,,,
51.38821,-0.3431137,,Point,node/7141598073,toilets,,,,,,,,,,,,,,,,,,,,,,,,,,,,,,,,,,,,,,,,,,,,,,,,,,,,,,,,,,,,,,,,,,,
51.4803319,-0.195318,,Point,node/7145814248,toilets,,,,,,,,,,,,,,,,,,,,,,,,,,,,,,,,,,,,,,,,,,,,,,,,,,,,,,,,,,,,,,,,,,,
51.508263,-0.2729616,,Point,node/7248526917,toilets,,,,no,yes,yes,,,,,Morrisons,,,,,,,,,,,,,,,,,,,,,,,,,,,,,,,,,,,,,,,,,,,,,,,,,,,,,,,,
51.4954923,-0.1395094,,Point,node/7249858507,toilets,,,,no,yes,yes,,,,,,,yes,,,flush,,yes,,,,,,,,,,,,,,,Cathedral Toilets,,,,,,,,,,,,,,,,,,,,,,,,,,,,,,,,,,
51.4915493,-0.009579,,Point,node/7323122485,toilets,,,,,,,,,,,,,,,,,,,,,,,,,,,,,,,,,,,,,,,,,,,,,,,,,,,,,,,,,,,,,,,,,,,
51.5608379,0.2204433,,Point,node/7394537046,toilets,,,,,,,,,,,,,,,,,,yes,,,,,,,,,,,,,,,,,,,,,,,,,,,,,,,,,,,,,,,,,,,,,,,,,
51.3435311,-0.4709878,,Point,node/7452731809,toilets,,,,,,,,,,,,,,,,,,,,,,,,,,,,,,,,,,,,,,,,,,,,,,,,,,,,,,,,,,,,,,,yes,,,,
51.6432516,0.0870042,,Point,node/7469449168,toilets,,,,,,,,,,,,,customers,,,,,,,,1,,,,,,,,,,,,,,,,,,,,,,,,,,,,,,,,,,,,,,,,,,,,,,
51.4483925,-0.1386482,,Point,node/7537285496,toilets,,,,,,,,,,,,,,,,,,,,,,,,,,,,,,,,,,,,,,,,,,,,,,,,,,,,,,,,,,,,,,,,,,,
51.5464189,0.0856322,,Point,node/7556986464,toilets,,,,,yes,yes,,,,,,,yes,,,,,yes,,,,,,,,,,,,,,,,,,,,,,,,,,,,,,,,,,,,,,,,,,,,,,,,,
51.5463872,0.0856259,,Point,node/7556986465,toilets,,,,,no,,,yes,,,,,yes,,,,,,,,,,,,,,,,,,,,,,,,,,,,,,,,,,,,,,,,,,,,,,,,,,,,,,
51.5463756,0.0856384,,Point,node/7556986466,toilets,,,,,no,,yes,,,,,,,,,,,,,,,,,,,,,,,,,,,,,,,,,,,,,,,,,,,,,,,,,,,,,,,,,,,,
51.3879272,-0.2513116,,Point,node/7600338591,toilets,,,,,,,yes,yes,,,,,,,,,,,,,,,,,,,,,,,,,,,,,,,,,,,,,,,,,,,,,,,,,,,,,,,,,,,
51.5415344,-0.238287,,Point,node/7612629079,toilets,,,,,,,,,,,,,,,,,,,,,,,,,,,,,,,,,,,,,,,,,,,,,,,,,,,,,,,,,,,,,,,,,,,
51.5030044,-0.1538205,,Point,node/7626048804,toilets,,,,,no,,,yes,Hyde Park Corner Toilets,,,,,,,,,,,,,,,,,,,,,,,,,,,,,,,,,,,,,,,,,,,,,,,,,,,,,,,,,,
51.3239846,-0.4711568,,Point,node/7649663743,toilets,,,,,,,,,,,,,customers,,,,,,,,,,,,,,,,,,,,,,,,,,,,,,,,,,,,,,,,,,,,,,,,,,,,,,
51.4885621,0.1278334,,Point,node/7683572941,toilets,,,,no,,,yes,yes,,,,,yes,,,,,,,,,,,,,,,,,,,,,,,,,,,,,,,,,,,,,,,,,,,,,,,,,,,,,,
51.5138845,-0.1524696,,Point,node/7699204186,toilets,,,,,,,,,,off,,,,,,,,,,,,,,,,,,,,,,,,,,,,,,,,,,,,,,,,,,,,,,,,,,,,,,,,,
51.3821924,-0.4587141,,Point,node/7736348947,toilets,,,,,,,,,,,,,,,,,,,,,,,,,,,,,,,,,,,,,,,,,,,,,,,,,,,,,,,,,,,,,,,,,,,
51.3921446,-0.3044304,,Point,node/7747003063,toilets,,,,no,yes,no,,,,,,,yes,,,,,yes,,,,,,,,,,,,,,,,,,,,,,,,,,,,,,,,,,,,,,,,,,,,,,,,,
51.3921496,-0.3044217,,Point,node/7747003064,toilets,,,,no,no,no,yes,,,,,,yes,,,,,,,,,,,,,,,,,,,,,,,,,,,,,,,,,,,,,,,,,,,,,,,,,,,,,,
51.3923254,-0.3045558,,Point,node/7747003065,toilets,,,,no,yes,no,,,,,,,yes,,,,,yes,,,,,,,,,,,,,,,,,,,,,,,,,,,,,,,,,,,,,,,,,,,,,,,,,
51.39233,-0.3045471,,Point,node/7747003066,toilets,,,,no,no,no,yes,,,,,,yes,,,,,,,,,,,,,,,,,,,,,,,,,,,,,,,,,,,,,,,,,,,,,,,,,,,,,,
51.5404119,-0.0328378,,Point,node/7770427017,toilets,,,,no,yes,yes,,,,,,,,,,,,,,,,,,,,,,,,,,,,,,,,,,,,,,,,,,,,,,,,,,,,,,,,,,,,,
51.5387293,-0.0344502,,Point,node/7777390977,toilets,,,,,,,,,,,,,,,,,,,,,,,,,,,,,,,,,,,,,,,,,,,,,,,,,,,,,,,,,,,,,,,,,,,
51.5365961,-0.1265322,,Point,node/7787693082,toilets,,,,,,,,,,,,,yes,,,,,,,,-1,,,,,,,,,,,,,,,,,,,,,,,,,,,,,,,,,,,,,,,,,,,,,,
51.5353273,-0.126209,,Point,node/7787693083,toilets,,,,,,,,,,,,,yes,,,,,,,,-1,,,,,,,,,,,,,,,,,,,,,,,,,,,,,,,,,,,,,,,,,,,,,,
51.4820181,-0.1940872,,Point,node/7851393408,toilets,,,,,yes,,,yes,,,,,private,,,,,,,,,,,,,,,,,,,,,,,,,,,,,,,,,,,,,,,,,,,,,,,,,,,,,,
51.4822765,-0.1944407,,Point,node/7851393410,toilets,,,,,yes,,,yes,,,,,private,,,,,,,,,,,,,,,,,,,,,,,,,,,,,,,,,,,,,,,,,,,,,,,,,,,,,,
51.4711968,-0.2784582,,Point,node/7876516362,toilets,,,,,,,,,,,,,,,,,,,,,,,,,,,,,,,,,,,,,,,,,,,,,,,,,,,,,,,,,,,,,,,,,,,
51.5093298,-0.1592778,,Point,node/7891050276,toilets,,,,no,,,,yes,,,,,customers,,,,,,,,-1,,,,,,,,,,,,,,,,,,,,,,,,,,,,,,,,,,,,,,,,,,,,,,
51.50929,-0.1592603,,Point,node/7891050281,toilets,,,,no,,,yes,,,,,,customers,,,,,,,,-1,,,,,,,,,,,,,,,,,,,,,,,,,,,,,,,,,,,,,,,,,,,,,,
51.3730516,0.0894507,,Point,node/7902557338,toilets,,,,no,,,yes,no,,,Southeastern,,customers,,,flush,,no,,,,,,,,,,,,,,,,,,,,,,,,,,,,,,,,,,,,,,,,,,,,,,,,,
51.3730193,0.0894773,,Point,node/7902557339,toilets,,,,no,,,yes,no,,,Southeastern,,customers,,,flush,,no,,,,,,,,,,,,,,,,,,,,,,,,,,,,,,,,,,,,,,,,,,,,,,,,,
51.4901992,-0.1689543,,Point,node/7917893442,toilets,,,,,,,,,,,,,,,,,,,,,,,,,,,,,,,,,,,,,,,,,,,,,,,,,,,,,,,,,,,,,,,,,,,
51.4901607,-0.1689452,,Point,node/7917893447,toilets,,,,,,,,,,,,,,,,,,,,,,,,,,,,,,,,,,,,,,,,,,,,,,,,,,,,,,,,,,,,,,,,,,,
51.4940312,-0.0543005,,Point,node/7954738233,toilets,,,,,,,,,,,,,,,,,,,,,,,,,,,,,,,,,,,,,,,,,,,,,,,,,,,,,,,,,,,,,,,,,,,
51.4969292,-0.1698252,,Point,node/7960226793,toilets,,,,,yes,yes,,,,,,,,,,flush,,yes,,,,,,,,,,,,,,,,,,,,,,,,,,,,,,,,,,,,,,,,,,,,,,,,,
51.4476314,-0.3196973,,Point,node/8018419582,toilets,,,,,yes,,,,,,,,customers,,,,,,,,,,,,,,,,,,,,,,,,,,,,,,,,,,,,,,,,,,,,,,,,,,,,,,
51.5832572,0.0580358,,Point,node/8087686171,toilets,,,,,,,,,,,,,yes,,,flush,,,,,,,,,,,,,,,,,,,,,,,,,,,,,,,,,,,,,,,,,,,,,,,,,,,
51.5308375,-0.1904382,,Point,node/8096501511,toilets,,,,,,,,,,,,,,,,,,,,,,,,,,,,,,,,,,,,,,,,,,,,,,,,,,,,,,,,,,,,,,,,,,,
51.5827437,-0.2240467,,Point,node/8259170826,toilets,,,,no,no,,,,,,,,,,,,,,,,,,,,,,,,,,,,,,,,,,,,,,,,,,,,,,,,,,,,,,,,,,,,,,
51.3718407,-0.4421903,,Point,node/8341667230,toilets,,,,,,,,,,,,,,,,,,,,,,,,,,,,,,,,,,,,,,,,,,,,,,,,,,,,,,,,,,,,,,,,,,,
51.5538976,-0.0617323,,Point,node/8410156299,toilets,,,,no,yes,,,,,,,,,,,,,,,,,,,,,,,,,,,,,,,,,,,,,,,,,,,,,,,,,,,,,,,,,,,,,,
51.4466547,-0.1797932,,Point,node/8421030763,toilets,,,,,,,,yes,,,,,,,,,,,,,,,,,,,,,,,,,,,,,,,,,,,,,,,,,,,,,,,,,,,,,,,,,,,
51.6043949,-0.1348667,,Point,node/8498077404,toilets,,,,,,,,,,,,,private,,,,,yes,,,,,,,,,,,,,,,,,,,,,,,,,,,,,,,,,,,,,,,,,,,,,,,,,
51.5364459,-0.1237657,,Point,node/8498192317,toilets,,,,,,,,,,,,,yes,,,,,,,,,,,,,,,,,,,,,,,,,,,,,,,,,,,,,,,,,,,,,,,,,,,,,,
51.5030611,-0.1534249,,Point,node/8592391245,toilets,,,,,no,,yes,,Hyde Park Corner Toilets,,,,,,,,,,,,,,,,,,,,,,,,,,,,,,,,,,,,,,,,,,,,,,,,,,,,,,,,,,
51.4289484,-0.1660161,,Point,node/8608363439,toilets,,,,,,,,,,,,,customers,,,,,,,,1,,,,,,,,,,,,,,,,,,,,,,,,,,,,,,,,,,,,,,,,,,,,,,
51.4284146,-0.1663926,,Point,node/8608616061,toilets,,,,no,,,,,,,,,permissive,,,,,,,,0,,,,,,,,,,,,,,,,,,,,,,,,,,,,,,,,,,,,,,,,,,,,,,
51.6338026,-0.0749827,,Point,node/8621649183,toilets,,,,,,,,yes,,,Enfield Council,,yes,,,flush,,,,,,,,,,,,,,,,,,,,,,,,,,,,,,,,,,,,,,,,,,,,,,,,,,,
51.5044825,-0.1571638,,Point,node/8639800653,toilets,,,Wheelchair users must ring bell,yes,yes,yes,yes,,,"Nov-Jan 07:30-16:00; Feb 07:30-17:00; Mar,Oct 07:30-18:00; Apr,Sep 07:30-20:00; May-Aug: 07:30-21:00",,,yes,0.20 GBP,,,,,,,,,,,,,,no,,,,,Call the phone number for assistance,,,,,,,,,,,,,,,,,,,seated,,room,,,,,,,,,,+44 161 320 2956,yes,,
51.4939297,-0.1744325,,Point,node/8684626521,toilets,,,,,limited,no,,,,,,,yes,,,,,yes,,,,,,,,,,,,,,,,,,,,,,,,,,,,,,,,,,,,,,,,,,,,,,,,,
51.4889,-0.1356559,,Point,node/8684626523,toilets,,,,,no,,,,,,,,yes,,,flush,,yes,,,,,,,,,,,,,,,,,,,,,,,,,,,,,,,,,,,,,,,,,,,,,,,,,
51.5273997,-0.0813651,,Point,node/8685884517,toilets,,,Outdoor urinal,,no,no,no,yes,,,,,yes,,,,,,,,,,,,,,,,,,,,,,,,,,,,,,2021-04-30,,,,,,,,,urinal,,,,,,,,,,,,,,no,
51.4213905,-0.2063736,,Point,node/8720842604,toilets,,,,,,,,,,,,,,yes,,,,,,,,,,,,,,,,,,,,,,,,,,,,,,,,,,,,,,,,,,,,,,,,,,,,,
51.4357818,-0.0559992,,Point,node/8735993388,toilets,,,,,yes,,,,,,,,,,,flush,,,,,,,,,,,,,,,,,,,,,,,,,,,,,,,,,,,,,,,,,,,,,,,,,,,
51.513684,-0.3210483,,Point,node/8736136183,toilets,,,,,yes,,,,,,,,,,,,,,,,,,,,,,,,,,,,,,,,,,,,,,,,,,,,,,,,,,,,,,,,,,,,,,
51.5525984,0.0155317,,Point,node/8781007917,toilets,,,,,,,,,,,,,,,,,,,,,,,,,,,,,,,,,,,,,,,,,,,,,,,,,,,,,,,,,,,,,,,,,,,tree
51.5686014,-0.0571431,,Point,node/8786415006,toilets,,,,,,,,,,,London Borough of Hackney,,yes,,,,,,,,,,,,,,,,,,,,,,,,,,,,,,,,,,,,,,,,,,,,,,,,,,,,,,
51.4518449,-0.3017488,,Point,node/8807139325,toilets,,,,,,,,,,,,,,,,,,,,,,,,,,,,,,,,,,,,,,,,,,,,,,,,,,,,,,,,,,,,,,,,,,,
